date,naver_search,usa_rate,usa_m2,hl_senti_score_mean,cts_senti_score_mean,btc_fgi,btc_predict,bitcoin_close
2018/02/01,21.95121,1.5,13887.77355,-0.01408,0.22142,30,8356.373593,9181.1
2018/02/02,27.64227,1.5,13888.29734,-0.19632,-0.20638,15,8425.719375,8893.2
2018/02/03,22.76422,1.5,13888.82113,-0.019388889,0.081944444,40,8517.18144,9241.1
2018/02/04,23.17073,1.5,13889.34492,0.238414286,0.270728571,24,8616.441767,8222.2
2018/02/05,21.54471,1.5,13893.6,-0.0833,-0.0611,11,8749.841581,6938.5
2018/02/06,19.30894,1.5,13890.3925,-0.11664,0.08979,8,8892.153909,7701.2
2018/02/07,21.13821,1.5,13890.91629,0.057044444,0.150611111,36,9012.84624,7594.7
2018/02/08,27.43902,1.5,13891.44008,-0.11389,0.14667,30,9148.306422,8164.2
2018/02/09,25,1.5,13891.96387,-0.11282,-0.11018,44,9272.720336,8699.8
2018/02/10,31.09756,1.5,13892.48766,-0.091814286,-0.030285714,54,9399.815109,8559.6
2018/02/11,31.70731,1.5,13893.01146,0.159488889,-0.029,31,9515.241337,8081.9
2018/02/12,24.79674,1.5,13887.2,0.09683,0.08437,42,9644.405805,8903.5
2018/02/13,19.10569,1.5,13894.05904,0.27555,0.18069,35,9763.311208,8539.2
2018/02/14,16.86991,1.5,13894.58283,0.06808,0.21914,55,9843.275358,9476.3
2018/02/15,11.38211,1.5,13895.10662,-0.02517,-0.07493,71,9920.675675,10037.3
2018/02/16,19.91869,1.5,13895.63041,-0.12154,-0.01175,67,9972.148219,10178.7
2018/02/17,15.04065,1.5,13896.1542,0.2202,0,74,10012.84067,11073.5
2018/02/18,15.44715,1.5,13896.67799,-0.15775,0.00685,63,10031.04294,10398.8
2018/02/19,15.85365,1.5,13897,-0.11964,0.24796,67,10053.63162,11169.4
2018/02/20,13.00813,1.5,13897.72557,-0.12136,0.19163,74,10059.92231,11238.7
2018/02/21,12.39837,1.5,13898.24936,-0.06163,0.00323,54,10024.79996,10473
2018/02/22,9.14634,1.5,13898.77315,-0.070055556,0.256355556,44,9985.946515,9841.7
2018/02/23,15.2439,1.5,13899.29694,0.04796,0.21676,39,9923.336762,10170.4
2018/02/24,15.04065,1.5,13899.82073,0.092044444,0.477022222,31,9853.987834,9704.3
2018/02/25,21.13821,1.5,13900.34453,-0.02777,0.15783,33,9768.836475,9585.2
2018/02/26,17.68292,1.5,13926.4,-0.00492,0.1689,37,9695.804694,10285.1
2018/02/27,19.30894,1.5,13901.39211,-0.17291,0.22917,44,9616.685278,10594.4
2018/02/28,18.69918,1.5,13901.9159,-0.0495,-0.055155556,41,9508.713819,10333.9
2018/03/01,17.68292,1.5,13902.43969,-0.10872,0.07384,38,9409.319436,10904.5
2018/03/02,19.30894,1.5,13902.96348,-0.07427,0.00483,47,9299.965287,10827.7
2018/03/03,16.26016,1.5,13903.48727,-0.06365,0.03698,56,9197.449008,11402.3
2018/03/04,17.07317,1.5,13904.01106,0.074828571,-0.021514286,44,9093.086142,11416.5
2018/03/05,19.91869,1.5,13947.7,-0.17534,0.03865,55,9013.459926,11330.6
2018/03/06,14.63414,1.5,13905.05864,-0.12479,0.13236,59,8940.404468,10675.1
2018/03/07,13.00813,1.5,13905.58243,-0.11023,0.26356,37,8851.082992,9902.9
2018/03/08,11.99186,1.5,13906.10622,0.00456,0.19886,39,8780.324271,9300
2018/03/09,14.63414,1.5,13906.63001,-0.08815,0.24534,37,8708.867085,9217
2018/03/10,19.91869,1.5,13907.15381,-0.1793,-0.09192,39,8651.265967,8762
2018/03/11,18.69918,1.5,13907.6776,-0.0659,-0.036277778,40,8597.428853,9529.6
2018/03/12,14.22764,1.5,13950.9,-0.10983,0.03659,41,8571.091656,9137.4
2018/03/13,15.6504,1.5,13908.72518,-0.03333,0.00922,41,8552.931416,9154.9
2018/03/14,9.95934,1.5,13909.24897,-0.01979,0.02588,40,8562.766262,8210.6
2018/03/15,10.1626,1.5,13909.77276,-0.07233,0.08096,32,8589.043505,8264.4
2018/03/16,12.39837,1.5,13910.29655,-0.10288,0.15599,33,8611.554073,8289.2
2018/03/17,19.30894,1.5,13910.82034,-0.1664,-0.191244444,31,8642.990622,7874.9
2018/03/18,10.9756,1.5,13911.34413,-0.00349,0.20746,29,8672.21744,8201.2
2018/03/19,14.22764,1.5,13954.5,-0.11441,0.09059,29,8721.593817,8616.8
2018/03/20,11.99186,1.5,13912.39171,-0.28608,0.04257,37,8771.338406,8912.6
2018/03/21,9.34959,1.5,13912.9155,-0.11063,0.08356,36,8797.083993,8905.9
2018/03/22,10.36585,1.75,13913.43929,0.00964,0.00042,36,8830.021349,8726.2
2018/03/23,13.82113,1.75,13913.96308,0.02556,0.06787,28,8849.858676,8916.8
2018/03/24,10.1626,1.75,13914.48688,-0.0533,0.125542857,32,8869.314935,8547.4
2018/03/25,12.19512,1.75,13915.01067,0.130166667,0.207888889,30,8877.660753,8473.2
2018/03/26,13.61788,1.75,13982.4,-0.07201,-0.12007,31,8897.744314,8143.5
2018/03/27,10.5691,1.75,13916.05825,0.07315,0.32685,24,8910.706644,7801.7
2018/03/28,9.14634,1.75,13916.58204,0.042422222,0.111244444,24,8893.323916,7954.9
2018/03/29,8.94308,1.75,13917.10583,-0.003177778,0.1854,18,8877.821349,7129.2
2018/03/30,15.04065,1.75,13917.62962,-0.123811111,0.100622222,12,8845.324207,6853.7
2018/03/31,16.46341,1.75,13918.15341,0.050575,0.022225,16,8809.893941,6938.2
2018/04/01,15.04065,1.75,13918.6772,0.20555,0.16045,16,8762.306379,6825.2
2018/04/02,17.27642,1.75,13991,0.0711875,0.1146375,11,8726.752928,7068.4
2018/04/03,14.22764,1.75,13919.72478,-0.07768,-0.06381,22,8685.886714,7424.2
2018/04/04,9.95934,1.75,13920.24857,-0.085233333,0.018744444,22,8617.939977,6808.9
2018/04/05,9.95934,1.75,13920.77236,-0.0666,-0.135877778,17,8556.203404,6782
2018/04/06,14.02439,1.75,13921.29615,0.0303,0.04158,19,8482.971976,6624.3
2018/04/07,11.58536,1.75,13921.81995,-0.100688889,-0.236744444,20,8413.134894,6905.7
2018/04/08,17.88617,1.75,13922.34374,0.2376,0.3938,17,8338.20932,7030.5
2018/04/09,7.31707,1.75,13984.2,-0.12786,-0.11118,21,8282.741853,6781.9
2018/04/10,14.63414,1.75,13923.39132,-0.16684,-0.10393,18,8229.716413,6854.8
2018/04/11,9.55284,1.75,13923.91511,-0.032633333,0.167877778,20,8157.482602,6962.1
2018/04/12,7.52032,1.75,13924.4389,0.0372,0.05262,18,8098.940309,7926.6
2018/04/13,13.61788,1.75,13924.96269,0.02927,-0.0283,23,8036.023021,7887.4
2018/04/14,15.6504,1.75,13925.48648,0.02373,-0.31574,24,7982.885734,8004.4
2018/04/15,15.85365,1.75,13926.01027,0.049544444,0.273922222,25,7930.238801,8363.6
2018/04/16,12.39837,1.75,13990.4,-0.14343,0.07291,25,7901.493319,8070
2018/04/17,14.22764,1.75,13927.71184,0.036511111,-0.004644444,26,7878.57232,7908.6
2018/04/18,11.17886,1.75,13928.88961,-0.332155556,-0.123088889,24,7838.688439,8178.4
2018/04/19,10.36585,1.75,13930.06739,-0.06963,-0.02084,25,7813.267886,8290.8
2018/04/20,15.6504,1.75,13931.24516,-0.06204,0.08884,26,7783.000199,8867
2018/04/21,11.58536,1.75,13932.42294,-0.1223,0.2289,32,7760.647237,8923.1
2018/04/22,16.86991,1.75,13933.60071,0.0974625,0.24855,31,7735.693782,8806.7
2018/04/23,13.82113,1.75,14016.6,-0.125,-0.048133333,28,7869.603175,8952.8
2018/04/24,16.05691,1.75,13935.95626,-0.00879,0.0809,29,8003.986425,9645.3
2018/04/25,9.95934,1.75,13937.13403,-0.16178,-0.03636,64,8113.998732,8873.1
2018/04/26,7.92682,1.75,13938.31181,-0.049577778,-0.099433333,47,8231.111931,9287
2018/04/27,13.21138,1.75,13939.48958,0.090466667,0.036288889,55,8334.175369,8940.9
2018/04/28,16.66666,1.75,13940.66736,0.03157,0.17066,54,8436.210876,9352.4
2018/04/29,15.04065,1.75,13941.84513,-0.05864,0.15942,61,8525.288373,9415.1
2018/04/30,12.39837,1.75,14017.8,0.00676,0.04241,59,8626.122583,9245.1
2018/05/01,17.68292,1.75,13944.20068,0.18808,0.26541,56,8717.657175,9074.9
2018/05/02,12.60162,1.75,13945.37846,0.03375,0.09143,52,8772.390449,9243.2
2018/05/03,9.75609,1.75,13946.55623,-0.025144444,0.145888889,55,8825.970959,9749.7
2018/05/04,16.05691,1.75,13947.73401,-0.0072,0.10497,56,8855.593314,9708.6
2018/05/05,12.80487,1.75,13948.91178,-0.12613,-0.09773,63,8876.77642,9853.5
2018/05/06,15.6504,1.75,13950.08956,-0.25063,-0.19662,67,8877.533795,9656.4
2018/05/07,9.14634,1.75,14029.2,-0.02889,0.0158,56,8886.704527,9431.6
2018/05/08,11.17886,1.75,13952.44511,-0.04791,-0.03189,62,8882.573688,9196.4
2018/05/09,11.17886,1.75,13953.62288,0.06376,-0.00344,53,8836.582886,9319.1
2018/05/10,8.73983,1.75,13954.80066,0.00317,0.0534,63,8789.999425,9025.7
2018/05/11,14.43089,1.75,13955.97843,0.06962,0.26513,41,8719.604119,8408.3
2018/05/12,8.94308,1.75,13957.15621,-0.056,0.14805,44,8644.415251,8459.5
2018/05/13,14.22764,1.75,13958.33398,0.049871429,0.128442857,40,8553.122493,8693.5
2018/05/14,11.58536,1.75,14051.8,0.142925,0.1631125,40,8479.128466,8674.1
2018/05/15,7.52032,1.75,13960.68953,-0.14251,0.22912,40,8400.18991,8477
2018/05/16,8.13008,1.75,13961.86731,0.073777778,0.107244444,32,8286.50626,8344.4
2018/05/17,7.31707,1.75,13963.04508,0.018944444,-0.053477778,31,8184.464375,8063
2018/05/18,10.36585,1.75,13964.22286,0.024622222,0.278355556,37,8069.629257,8245.7
2018/05/19,11.58536,1.75,13965.40063,0.03395,0.21546,31,7963.433176,8245.1
2018/05/20,13.61788,1.75,13966.57841,-0.08775,0.10394,32,7853.900689,8529
2018/05/21,11.17886,1.75,14073.7,-0.066011111,0.027222222,41,7777.435507,8403.3
2018/05/22,8.73983,1.75,13969.89743,0.04296,0.19701,30,7709.523395,8006
2018/05/23,5.28455,1.75,13972.03869,0.088233333,0.070855556,26,7617.244795,7512.3
2018/05/24,7.52032,1.75,13974.17994,0.09127,0.06019,27,7550.144891,7592.9
2018/05/25,9.55284,1.75,13976.32119,-0.1002,-0.10194,25,7480.579307,7477.7
2018/05/26,6.30081,1.75,13978.46245,-0.13585,-0.24605,23,7430.421267,7361.3
2018/05/27,8.33333,1.75,13980.6037,0.16303,-0.06323,19,7385.12987,7366.7
2018/05/28,11.78861,1.75,14097.4,-0.17628,-0.04184,22,7382.332206,7119.3
2018/05/29,9.75609,1.75,13984.88621,-0.26349,0.13155,16,7393.634312,7467.7
2018/05/30,4.26829,1.75,13987.02746,-0.01688,-0.00415,38,7381.599208,7400.1
2018/05/31,8.33333,1.75,13989.16872,0.02708,0.28592,25,7397.777586,7502.6
2018/06/01,15.04065,1.75,13991.30997,0.12847,0.18774,24,7410.436689,7530.8
2018/06/02,9.14634,1.75,13993.45122,0.2415,0.511125,27,7377.783085,7646.6
2018/06/03,6.91056,1.75,13995.59248,0.0502375,0.1708125,40,7346.691651,7729.3
2018/06/04,11.99186,1.75,14108.4,0.05595,0.13899,41,7355.025395,7504.3
2018/06/05,7.31707,1.75,13999.87498,-0.06938,-0.19733,26,7370.926101,7631.5
2018/06/06,7.11382,1.75,14002.01624,-0.14197,0.32897,42,7354.575988,7661
2018/06/07,4.67479,1.75,14004.15749,-0.02971,0.08363,38,7358.552838,7697.8
2018/06/08,5.69105,1.75,14006.29875,-0.09276,0.1078,40,7349.638043,7622.1
2018/06/09,8.13008,1.75,14008.44,0,0.199775,39,7349.601893,7515.8
2018/06/10,15.04065,1.75,14010.58125,-0.042655556,0.291422222,24,7340.84526,6775.1
2018/06/11,10.36585,1.75,14120.3,-0.317022222,-0.072333333,15,7362.067592,6885.9
2018/06/12,8.33333,1.75,14014.86376,-0.05315,0.02549,19,7381.684598,6558.2
2018/06/13,8.33333,1.75,14017.00501,-0.02521,0.05998,19,7360.255692,6312.3
2018/06/14,5.8943,2,14019.14627,-0.01434,0.13436,17,7351.922064,6647.1
2018/06/15,11.58536,2,14021.28752,-0.22308,0.22748,26,7324.202352,6410.3
2018/06/16,6.50406,2,14023.42878,-0.05407,0.08981,22,7300.305852,6505.8
2018/06/17,4.67479,2,14025.57003,0.09885,0.14245,23,7263.693032,6460.3
2018/06/18,9.95934,2,14137.5,0.17496,0.07704,27,7254.764823,6719.8
2018/06/19,7.52032,2,14029.85254,-0.00484,0.09443,32,7242.849246,6752.4
2018/06/20,6.09756,2,14031.99379,0.04734,0.27934,34,7189.287734,6765.4
2018/06/21,6.91056,2,14034.13504,-0.0031,0.187755556,37,7149.955976,6728
2018/06/22,9.14634,2,14036.2763,-0.1247,-0.011288889,28,7093.05362,6055.7
2018/06/23,7.92682,2,14038.41755,0.047022222,-0.033166667,17,7042.957895,6167.3
2018/06/24,6.70731,2,14040.5588,-0.0227,0.0231,15,6983.721039,6154.6
2018/06/25,6.70731,2,14146.5,-0.04024,0.11029,16,6956.80375,6256.6
2018/06/26,4.26829,2,14044.84131,0.086333333,0.1439,21,6931.657633,6082.1
2018/06/27,4.47154,2,14046.98257,-0.07974,0.09371,18,6869.500277,6154.9
2018/06/28,4.26829,2,14049.12382,-0.00061,0.09659,20,6826.950802,5883.5
2018/06/29,6.70731,2,14051.26508,-0.0399,-0.03338,16,6771.846495,6213.3
2018/06/30,9.14634,2,14053.40633,0.00696,0.09926,22,6728.669748,6398.9
2018/07/01,7.52032,2,14055.54758,-0.01499,0.05842,27,6681.014243,6366.8
2018/07/02,7.72357,2,14157.4,-0.218322222,0.040433333,27,6670.392475,6619.5
2018/07/03,8.73983,2,14059.83009,-0.04392,0.08348,31,6665.441111,6513.5
2018/07/04,4.47154,2,14061.97135,-0.04898,0.14977,33,6626.408399,6598.4
2018/07/05,3.04878,2,14064.1126,-0.2003625,-0.1439125,37,6609.92388,6546.5
2018/07/06,5.69105,2,14066.25386,-0.11926,0.03051,34,6582.856872,6617.7
2018/07/07,5.28455,2,14068.39511,0.08675,0.146083333,34,6569.326778,6765.5
2018/07/08,11.17886,2,14070.53637,-0.1020875,0.00535,38,6552.143148,6714.8
2018/07/09,10.36585,2,14152.8,-0.01677,0.01559,39,6572.687482,6667.1
2018/07/10,7.11382,2,14074.81887,-0.1215,-0.08702,37,6598.736993,6307.2
2018/07/11,7.11382,2,14076.96013,-0.05768,0.11504,29,6589.655503,6389.1
2018/07/12,5.28455,2,14079.10138,0.1124625,0.100025,33,6586.594942,6250.6
2018/07/13,9.75609,2,14081.24264,-0.08123,0.11943,29,6571.493053,6230.2
2018/07/14,10.77235,2,14083.38389,0.0206,0.136683333,29,6568.404812,6254.8
2018/07/15,13.00813,2,14085.52515,0.05732,0.28356,32,6559.882293,6362.9
2018/07/16,8.13008,2,14172.8,0.146433333,-0.096166667,36,6587.208032,6729.9
2018/07/17,7.72357,2,14089.80766,0.05622,0.0547,39,6618.010986,7322
2018/07/18,6.91056,2,14091.94891,-0.06116,0.01879,42,6611.923943,7383.6
2018/07/19,5.28455,2,14094.09016,0.0583,0.12644,44,6625.65925,7477.5
2018/07/20,7.31707,2,14096.23142,-0.0531,-0.10487,47,6625.77261,7339.4
2018/07/21,8.33333,2,14098.37267,0.01974,0.37894,43,6636.330587,7408.7
2018/07/22,10.77235,2,14100.51393,0.007,0.07973,46,6640.159982,7412.3
2018/07/23,6.09756,2,14175.6,0.10415,0.23834,44,6678.451156,7723
2018/07/24,7.72357,2,14104.79644,0.08006,0.14122,49,6719.17862,8407
2018/07/25,6.70731,2,14106.93769,0.1117,0.17173,54,6722.344533,8173.7
2018/07/26,6.91056,2,14109.07895,-0.21293,0.15954,53,6744.396363,7937
2018/07/27,10.1626,2,14111.2202,-0.136933333,0.182788889,47,6752.141792,8187.4
2018/07/28,10.36585,2,14113.36145,-0.098033333,-0.112977778,54,6769.499845,8234.1
2018/07/29,12.60162,2,14115.50271,0.02358,-0.02548,54,6779.36044,8215.6
2018/07/30,9.95934,2,14173.7,0.05512,0.25217,53,6822.571912,8177.1
2018/07/31,9.55284,2,14119.78522,-0.02924,0.10496,48,6867.181833,7729.4
2018/08/01,4.87804,2,14121.92647,-0.13273,0.09654,39,6873.282912,7606.4
2018/08/02,7.31707,2,14124.06773,0.02496,0.14913,39,6896.788935,7535.6
2018/08/03,10.9756,2,14126.20898,0.07182,-0.22568,36,6904.516499,7419
2018/08/04,9.14634,2,14128.35024,-0.01315,-0.13528,31,6920.034232,7014.3
2018/08/05,8.33333,2,14130.49149,-0.041771429,0.049414286,23,6926.145153,7027.1
2018/08/06,7.11382,2,14171.6,-0.02382,0.1303,25,6963.268678,6943.6
2018/08/07,8.13008,2,14134.774,0.16406,0.06105,25,6999.509239,6724.9
2018/08/08,6.30081,2,14136.91525,0.03093,0.13218,23,6995.109066,6283.6
2018/08/09,3.04878,2,14139.05651,-0.12764,0.00393,19,7005.583672,6538.8
2018/08/10,8.53658,2,14141.19776,0.052011111,-0.177611111,21,6997.968364,6152.3
2018/08/11,8.33333,2,14143.33902,-0.03393,-0.055,18,6995.76026,6231.6
2018/08/12,11.17886,2,14145.48027,0.09461,0.04944,18,6982.015094,6313
2018/08/13,6.91056,2,14198.3,-0.07666,0.22007,21,6997.112578,6255.3
2018/08/14,5.69105,2,14149.76278,-0.06163,-0.06322,16,7009.639297,6190.2
2018/08/15,4.47154,2,14151.90403,-0.00891,-0.01921,18,6980.433006,6256.9
2018/08/16,4.67479,2,14154.04529,-0.00895,0.1564,21,6965.060946,6306.7
2018/08/17,4.87804,2,14156.18654,0.01896,-0.04619,19,6931.213732,6581.7
2018/08/18,6.91056,2,14158.3278,-0.02344,0.22023,24,6902.722713,6379.1
2018/08/19,6.91056,2,14160.46905,-0.02713,0.21415,27,6863.254371,6481.5
2018/08/20,5.28455,2,14213,-0.09252,0.02496,26,6853.443427,6268.1
2018/08/21,8.13008,2,14164.75156,0.04557,0.08612,19,6868.111402,6482.2
2018/08/22,6.09756,2,14166.89281,-0.03165,-0.18365,21,6842.955988,6359.6
2018/08/23,5.69105,2,14169.03407,-0.27832,-0.10332,18,6833.808757,6521.2
2018/08/24,7.11382,2,14171.17532,0.001766667,-0.165744444,19,6808.651857,6680.4
2018/08/25,10.1626,2,14173.31658,-0.1053,0.038866667,22,6791.750165,6734.8
2018/08/26,8.13008,2,14175.45783,-0.0945,0.0816,19,6766.83935,6712.7
2018/08/27,10.36585,2,14241.8,0.00701,0.10815,18,6775.414349,6897.6
2018/08/28,7.72357,2,14179.74034,0.09321,0.13285,19,6786.458288,7074.6
2018/08/29,4.67479,2,14181.88159,0.12647,0.04167,19,6760.45692,7029.1
2018/08/30,4.47154,2,14184.02285,-0.01469,0.37747,22,6754.217699,6993.7
2018/08/31,6.50406,2,14186.1641,-0.06386,0.32196,17,6734.86824,7033.8
2018/09/01,9.55284,2,14188.30536,0,0.23771,21,6726.821296,7189.6
2018/09/02,9.34959,2,14190.44661,-0.065555556,0.086266667,18,6713.077119,7293.9
2018/09/03,9.95934,2,14242,-0.13908,0.16249,19,6735.435903,7264.2
2018/09/04,7.72357,2,14193.53158,-0.125733333,0.225077778,26,6761.711883,7377.5
2018/09/05,5.69105,2,14194.4753,0.07222,0.11362,17,6751.01583,6706.8
2018/09/06,6.50406,2,14195.41901,0.148022222,0.2086,14,6760.606809,6514
2018/09/07,9.95934,2,14196.36273,0.067922222,0.249155556,17,6756.32634,6390.9
2018/09/08,7.92682,2,14197.30644,0.0296,0.16093,18,6762.413405,6184.3
2018/09/09,7.11382,2,14198.25016,-0.06496,-0.01157,13,6760.935195,6238.5
2018/09/10,7.11382,2,14222.2,0.09371,0.10223,15,6793.933977,6321
2018/09/11,8.33333,2,14200.13759,0.179488889,-0.089211111,18,6828.132653,6293.9
2018/09/12,5.69105,2,14201.08131,-0.16134,0.07145,14,6821.487215,6338
2018/09/13,2.23577,2,14202.02502,0.02382,0.0568,20,6832.068415,6482.9
2018/09/14,1.82926,2,14202.96874,-0.0701,0.26156,23,6824.924222,6483.7
2018/09/15,5.0813,2,14203.91245,0.15012,0.15042,24,6824.732886,6519
2018/09/16,5.0813,2,14204.85617,0.01009,0.26492,28,6813.345849,6500.2
2018/09/17,7.31707,2,14241.1,-0.08029,0.19046,25,6833.848898,6251.9
2018/09/18,8.53658,2,14206.7436,-0.0441,0.20298,21,6852.735798,6342
2018/09/19,5.4878,2,14207.68732,-0.05436,0.0253,24,6827.704611,6390.4
2018/09/20,3.45528,2,14208.63103,-0.08165,0.01961,24,6818.541368,6489.2
2018/09/21,5.28455,2,14209.57475,-0.176844444,0.2197,31,6790.381855,6766.7
2018/09/22,7.11382,2,14210.51846,-0.089271429,0.197357143,35,6769.173694,6729.6
2018/09/23,7.31707,2,14211.46218,0.16399,0.20166,38,6737.303156,6704.1
2018/09/24,7.11382,2,14249.7,0.06427,0.2123,43,6739.544133,6584.1
2018/09/25,4.26829,2,14213.34961,-0.0768,0.18615,37,6742.675976,6445.1
2018/09/26,5.8943,2,14214.29333,-0.02176,0.11909,37,6704.503303,6468.1
2018/09/27,4.87804,2.25,14215.23704,-0.018533333,0.034711111,42,6686.725492,6689.2
2018/09/28,6.30081,2.25,14216.18076,-0.10031,0.12779,42,6654.586437,6636
2018/09/29,6.91056,2.25,14217.12447,0.04019,-0.00832,37,6635.139579,6603.9
2018/09/30,6.50406,2.25,14218.06819,0.05883,0.01927,34,6544.936702,6635.2
2018/10/01,6.30081,2.25,14260.9,0.01106,0.07693,35,6495.928251,6608.2
2018/10/02,5.4878,2.25,14219.95562,-0.13894,-0.01738,33,6454.258888,6549.9
2018/10/03,3.04878,2.25,14220.89934,0.01204,0.21821,36,6378.472703,6507.8
2018/10/04,5.69105,2.25,14221.84305,-0.12777,-0.09362,29,6329.150102,6584.2
2018/10/05,9.14634,2.25,14222.78677,0.02215,0.04723,37,6271.877546,6639.1
2018/10/06,9.55284,2.25,14223.73048,-0.05315,0.12221,34,6232.048364,6596.3
2018/10/07,7.31707,2.25,14224.6742,0.01636,0.08609,29,6192.140003,6611
2018/10/08,8.53658,2.25,14231.3,-0.21121,0.08062,26,6194.00645,6669.6
2018/10/09,6.91056,2.25,14226.56163,0.017088889,0.0388,31,6204.564279,6650.8
2018/10/10,4.26829,2.25,14227.50535,0.05994,0.24314,28,6183.537784,6618
2018/10/11,4.26829,2.25,14228.44906,-0.0152,-0.13727,19,6187.181124,6239.1
2018/10/12,4.47154,2.25,14229.39278,-0.15143,0.0024,13,6181.863865,6291.3
2018/10/13,8.33333,2.25,14230.33649,0.06468,0.18048,15,6190.552,6321.7
2018/10/14,7.52032,2.25,14231.28021,-0.244857143,0.238071429,18,6195.705694,6326.8
2018/10/15,8.94308,2.25,14246.3,-0.03358,0.12392,20,6235.951616,6699.8
2018/10/16,6.91056,2.25,14233.16764,-0.04767,0.18681,24,6279.260297,6705.3
2018/10/17,5.0813,2.25,14234.11136,-0.11903,0.1633,23,6287.017524,6686.6
2018/10/18,7.72357,2.25,14235.05507,0.10406,0.14184,26,6311.81716,6574.1
2018/10/19,13.00813,2.25,14235.99879,-0.07959,0.19507,24,6321.642141,6512
2018/10/20,7.31707,2.25,14236.9425,0.02724,0.10481,21,6338.000244,6572.2
2018/10/21,7.31707,2.25,14237.88622,0.0954,0.076675,21,6344.412543,6583
2018/10/22,8.33333,2.25,14260.2,-0.02107,0.13816,27,6377.432492,6555.8
2018/10/23,7.31707,2.25,14239.77365,-0.12175,-0.17485,24,6407.279104,6528.7
2018/10/24,3.86178,2.25,14240.71737,-0.09669,-0.09266,23,6398.197928,6530.7
2018/10/25,3.04878,2.25,14241.66108,0.00711,0.23201,25,6400.287794,6507
2018/10/26,7.31707,2.25,14242.6048,0.01318,0.09181,29,6384.241666,6510
2018/10/27,10.1626,2.25,14243.54851,-0.0328,0.108411111,33,6371.103797,6494.2
2018/10/28,7.11382,2.25,14244.49223,0.03366,-0.00657,35,6346.318859,6486.1
2018/10/29,7.11382,2.25,14262.2,-0.1612,0.14124,34,6345.072023,6335
2018/10/30,5.28455,2.25,14246.37966,-0.02659,0.26454,31,6340.357282,6325.7
2018/10/31,3.25203,2.25,14247.32338,-0.12259,-0.10366,32,6299.61309,6365.9
2018/11/01,3.65853,2.25,14248.26709,0.03551,0.27328,29,6270.574353,6400.5
2018/11/02,7.11382,2.25,14249.21081,0.08461,0.26594,36,6226.570941,6424.7
2018/11/03,7.11382,2.25,14250.15452,-0.05965,0.00961,36,6187.910626,6386.2
2018/11/04,11.38211,2.25,14251.09824,0,-0.110966667,41,6141.499706,6478.2
2018/11/05,14.02439,2.25,14238.1,0.0036,0.16722,42,6120.520966,6459.7
2018/11/06,10.1626,2.25,14252.98567,-0.05032,0.11048,42,6099.959607,6502.8
2018/11/07,4.47154,2.25,14253.92938,0.20537,0.32451,48,6049.54079,6565.3
2018/11/08,5.28455,2.25,14254.8731,0.03972,0.1035,51,6013.638063,6474
2018/11/09,9.75609,2.25,14255.81682,-0.1495,-0.07293,47,5950.990827,6412
2018/11/10,13.41463,2.25,14256.76053,0.06505,0.23268,52,5896.126065,6427.1
2018/11/11,12.39837,2.25,14257.70425,0.06068,-0.24726,54,5836.386416,6446.1
2018/11/12,9.75609,2.25,14234.6,-0.00294,0.149,52,5801.642074,6435
2018/11/13,8.94308,2.25,14260.62548,-0.275444444,0.030211111,56,5768.056192,6429.2
2018/11/14,10.77235,2.25,14262.603,-0.2596,-0.20902,49,5707.307617,5842.4
2018/11/15,9.55284,2.25,14264.58051,-0.02271,0.19229,28,5659.173687,5718.9
2018/11/16,8.53658,2.25,14266.55803,-0.17543,0.2572,23,5600.09152,5636.2
2018/11/17,9.55284,2.25,14268.53555,-0.09937,-0.11846,24,5546.100026,5621.8
2018/11/18,9.14634,2.25,14270.51306,-0.036866667,0.195488889,26,5485.111669,5658.3
2018/11/19,7.72357,2.25,14256.6,-0.09134,-0.01938,28,5443.532828,4883.8
2018/11/20,5.4878,2.25,14274.4681,-0.03901,0.23377,21,5399.393561,4524.6
2018/11/21,3.45528,2.25,14276.44561,0.01108,-0.03696,15,5326.964536,4638.7
2018/11/22,4.47154,2.25,14278.42313,-0.03433,0.02881,14,5261.91218,4356
2018/11/23,7.11382,2.25,14280.40065,-0.08402,0.07939,12,5183.110041,4398
2018/11/24,7.92682,2.25,14282.37816,0.1137,0.0143,15,5105.131798,3920.4
2018/11/25,8.53658,2.25,14284.35568,-0.180811111,-0.003355556,9,5017.512756,4062.2
2018/11/26,6.50406,2.25,14270.7,-0.1708,-0.04114,17,4944.29187,3837
2018/11/27,11.99186,2.25,14288.31072,-0.03878,0.21783,11,4866.46747,3866.5
2018/11/28,6.30081,2.25,14290.28823,0.07645,0.00943,14,4761.969498,4265.4
2018/11/29,4.26829,2.25,14292.26575,0.1181,0.07552,18,4663.348929,4296.5
2018/11/30,7.31707,2.25,14294.24327,-0.017544444,0.072666667,19,4552.803218,4039.7
2018/12/01,8.94308,2.25,14296.22078,-0.0104,0.163944444,13,4444.18758,4196.2
2018/12/02,4.06504,2.25,14298.1983,-0.039411111,-0.102044444,15,4329.237889,4160.4
2018/12/03,7.92682,2.25,14315.3,-0.05547,0.06525,17,4230.011403,3897.8
2018/12/04,6.91056,2.25,14302.15333,0.10516,-0.1109,12,4130.65162,3958.5
2018/12/05,2.84552,2.25,14304.13085,-0.2785,-0.04296,19,4012.705761,3771.6
2018/12/06,3.86178,2.25,14306.10837,-0.1973,-0.0703375,13,3905.345552,3508.6
2018/12/07,5.8943,2.25,14308.08588,-0.0433,-0.00823,11,3793.611111,3422.2
2018/12/08,5.4878,2.25,14310.0634,0.01712,0.04932,11,3689.95211,3430.4
2018/12/09,7.92682,2.25,14312.04092,-0.318,0.1204,14,3587.430565,3567.5
2018/12/10,5.69105,2.25,14334.1,0.01379,0.05374,19,3505.085106,3460.5
2018/12/11,7.31707,2.25,14315.99595,-0.02885,0.08806,15,3429.035443,3407.7
2018/12/12,5.0813,2.25,14317.97347,-0.06075,-0.05014,14,3343.180223,3466.1
2018/12/13,4.06504,2.25,14319.95099,-0.36665,-0.24033,14,3271.987886,3315.3
2018/12/14,6.09756,2.25,14321.9285,-0.38329,0.1421,10,3202.000085,3247.8
2018/12/15,5.28455,2.25,14323.90602,-0.17072,0.03359,11,3142.944857,3228.7
2018/12/16,5.8943,2.25,14325.88354,-0.05883,0.23408,13,3087.961177,3247.9
2018/12/17,5.4878,2.25,14327.1,0.1582,-0.10907,17,3051.927013,3526.1
2018/12/18,4.26829,2.25,14329.83857,-0.05808,0.07065,23,3021.940704,3668
2018/12/19,4.06504,2.25,14331.81609,-0.12701,0.03348,21,3055.225405,3687.1
2018/12/20,6.09756,2.5,14333.7936,-0.09657,-0.06046,27,3102.121735,4076
2018/12/21,7.31707,2.5,14335.77112,-0.0003,0.07069,35,3150.434872,3850.9
2018/12/22,3.04878,2.5,14337.74864,-0.02054,-0.19548,28,3207.919346,3964.4
2018/12/23,7.92682,2.5,14339.72615,-0.00769,0.07591,31,3267.809987,3944.4
2018/12/24,5.69105,2.5,14396.6,0.0205,0.05,25,3343.332767,4026.1
2018/12/25,7.11382,2.5,14343.68119,0.022477778,0.038755556,33,3422.333886,3762.5
2018/12/26,3.65853,2.5,14345.6587,-0.02188,-0.02017,26,3490.056975,3793.7
2018/12/27,4.26829,2.5,14347.63622,-0.09204,-0.01503,29,3564.563945,3586.9
2018/12/28,7.92682,2.5,14349.61374,0.00738,0.2736,21,3633.335425,3861.6
2018/12/29,7.31707,2.5,14351.59125,-0.07002,0.0024,24,3703.198073,3706.8
2018/12/30,5.69105,2.5,14353.56877,-0.0397,0.15464,23,3767.163295,3815
2018/12/31,7.11382,2.5,14426.5,-0.02422,0.20067,26,3837.648361,3709.4
2019/01/01,5.69105,2.5,14357.5238,-0.10291,-0.13507,24,3902.838107,3809.4
2019/01/02,3.86178,2.5,14359.50132,-0.084911111,0.011366667,30,3948.614389,3873.8
2019/01/03,4.26829,2.5,14361.47884,0.05542,0.13428,33,3992.604929,3780.1
2019/01/04,7.31707,2.5,14363.45635,0.024877778,0.034855556,48,4023.221753,3802.7
2019/01/05,4.47154,2.5,14365.43387,0.02978,0.20645,36,4047.651853,3785.4
2019/01/06,7.31707,2.5,14367.41139,-0.079511111,0.080477778,31,4059.97217,4004.1
2019/01/07,5.4878,2.5,14420.2,0.0153,0.15347,39,4073.049172,3985.9
2019/01/08,3.25203,2.5,14371.36642,0.063166667,0.207133333,39,4076.601807,3971
2019/01/09,3.45528,2.5,14373.34394,0.056044444,0.056855556,42,4058.253164,3978
2019/01/10,3.04878,2.5,14375.32146,-0.03129,0.22975,37,4036.179383,3603.7
2019/01/11,5.8943,2.5,14377.29897,-0.0488,0.1756,19,4000.560994,3616.5
2019/01/12,3.25203,2.5,14379.27649,0.02732,0.14544,22,3959.615342,3597.2
2019/01/13,3.65853,2.5,14381.25401,0.04619,0.10297,21,3908.970366,3490.2
2019/01/14,3.45528,2.5,14431.5,-0.146055556,0.013555556,16,3862.229705,3638.1
2019/01/15,4.47154,2.5,14385.20904,-0.05941,-0.01911,27,3810.728912,3571.3
2019/01/16,3.86178,2.5,14387.18656,-0.083044444,-0.062788889,24,3743.706455,3588
2019/01/17,2.03252,2.5,14389.16407,-0.19575,0.06041,28,3679.55506,3626.4
2019/01/18,5.4878,2.5,14391.14159,-0.1044,-0.16421,29,3609.693489,3605.6
2019/01/19,4.47154,2.5,14393.11911,0.05383,0.31599,31,3542.65326,3677.8
2019/01/20,5.4878,2.5,14395.09662,-0.165566667,-0.098777778,35,3474.728402,3542.3
2019/01/21,4.87804,2.5,14442.4,-0.21196,-0.01765,30,3419.227511,3536.7
2019/01/22,1.62601,2.5,14399.05166,-0.09259,0.12781,27,3367.948303,3580.1
2019/01/23,3.86178,2.5,14401.02917,-0.122877778,0.042444444,33,3310.496052,3561.5
2019/01/24,3.45528,2.5,14403.00669,0.100377778,0.009388889,37,3264.167757,3574.3
2019/01/25,2.03252,2.5,14404.98421,0.02163,0.06154,35,3220.276251,3572
2019/01/26,1.62601,2.5,14406.96173,-0.039366667,-0.012133333,41,3186.323776,3570.9
2019/01/27,4.67479,2.5,14408.93924,0.1258,0.13094,39,3157.960144,3555.6
2019/01/28,5.8943,2.5,14484.5,0.03079,0.09507,35,3160.208535,3442.8
2019/01/29,7.52032,2.5,14412.89428,-0.19517,0.06725,21,3171.080446,3414.8
2019/01/30,3.86178,2.5,14414.87179,-0.00936,0.14759,22,3179.487711,3460
2019/01/31,4.06504,2.5,14416.84931,0.06993,0.08863,17,3200.979059,3437.2
2019/02/01,6.50406,2.5,14418.82683,0.10808,0.03711,23,3226.008303,3467.9
2019/02/02,5.69105,2.5,14420.80435,-0.00222,0.23931,22,3260.713519,3502.5
2019/02/03,3.65853,2.5,14422.78186,-0.04215,0.15304,19,3299.720935,3459.1
2019/02/04,4.87804,2.5,14470.2,-0.1707,0.16024,27,3353.526436,3462.8
2019/02/05,4.26829,2.5,14426.7369,-0.19886,0.10656,21,3412.422862,3468.4
2019/02/06,3.45528,2.5,14428.71441,0.0836,0.15591,14,3464.494775,3404.3
2019/02/07,2.64227,2.5,14430.69193,0.119811111,-0.015055556,18,3524.104761,3397.7
2019/02/08,5.8943,2.5,14432.66945,0.02732,0.10888,37,3581.099649,3661.7
2019/02/09,5.8943,2.5,14434.64697,0.061375,0.1235125,42,3640.881728,3661.4
2019/02/10,5.0813,2.5,14436.62448,0.00915,0.23534,40,3697.71008,3679
2019/02/11,4.06504,2.5,14474.8,0.077466667,0.105255556,46,3761.600506,3631.8
2019/02/12,5.4878,2.5,14440.57952,0.01534,0.08737,38,3822.904465,3632
2019/02/13,4.26829,2.5,14442.55703,-0.05405,-0.16703,48,3869.98294,3611.5
2019/02/14,5.4878,2.5,14444.53455,0.19185,-0.04879,48,3917.172208,3592.6
2019/02/15,5.0813,2.5,14446.51207,-0.03187,0.05928,43,3954.899159,3604.7
2019/02/16,6.30081,2.5,14448.48959,0.0592,0.02576,43,3989.015237,3616.8
2019/02/17,3.45528,2.5,14450.4671,0.04111,0.1473,38,4014.566224,3664.2
2019/02/18,2.23577,2.5,14465.5,0.02007,0.25916,63,4042.182732,3896
2019/02/19,4.26829,2.5,14454.42214,0.099,0.13724,65,4063.284688,3914.3
2019/02/20,2.84552,2.5,14456.39965,0.11311,0.00351,59,4067.41066,3972.4
2019/02/21,4.87804,2.5,14458.37717,0.16762,0.10082,59,4069.642496,3936.6
2019/02/22,2.43902,2.5,14460.35469,0.03791,0.13719,61,4061.612666,3965.2
2019/02/23,6.30081,2.5,14462.33221,-0.00867,-0.03074,63,4050.087753,4120.4
2019/02/24,6.09756,2.5,14464.30972,-0.07133,-0.0693,69,4031.197785,3755.2
2019/02/25,3.86178,2.5,14483.8,0.071311111,-0.017933333,47,4016.312738,3833.7
2019/02/26,6.50406,2.5,14466.78409,0.102733333,0.268666667,40,3997.872522,3810.3
2019/02/27,2.43902,2.5,14467.28095,0.00354,0.18454,39,3966.376118,3814.6
2019/02/28,4.47154,2.5,14467.77781,-0.04127,0.09999,39,3937.273685,3816.6
2019/03/01,6.70731,2.5,14468.27466,-0.00912,0.13884,42,3902.878497,3821.9
2019/03/02,4.67479,2.5,14468.77152,0.163822222,0.181844444,41,3870.216139,3823.1
2019/03/03,5.28455,2.5,14469.26837,-0.11042,-0.1846,44,3835.732661,3809.5
2019/03/04,6.30081,2.5,14500.1,-0.01037,0.11719,36,3810.678949,3715.9
2019/03/05,5.4878,2.5,14470.26208,-0.2105,-0.13401,35,3787.590018,3857.2
2019/03/06,3.25203,2.5,14470.75894,-0.0853,0.10773,42,3756.959093,3863
2019/03/07,2.03252,2.5,14471.25579,0.00274,0.0722,56,3733.622949,3875.1
2019/03/08,6.09756,2.5,14471.75265,-0.0538,0.1564,54,3709.60414,3865.9
2019/03/09,4.67479,2.5,14472.2495,-0.03896,0.29486,55,3723.095142,3944.3
2019/03/10,8.33333,2.5,14472.74636,-0.319533333,0.053383333,55,3738.024915,3915.2
2019/03/11,7.31707,2.5,14512.8,-0.089733333,0.1387,56,3765.036439,3870.3
2019/03/12,5.0813,2.5,14473.74007,-0.07793,-0.03522,56,3796.093261,3886
2019/03/13,2.64227,2.5,14474.23692,-0.276711111,-0.220666667,54,3820.762261,3865.1
2019/03/14,2.84552,2.5,14474.73378,-0.065411111,-0.2231,55,3853.370308,3879
2019/03/15,3.25203,2.5,14475.23063,0.03812,0.00307,55,3885.006792,3924.3
2019/03/16,5.28455,2.5,14475.72749,0.06514,0.23664,54,3921.528348,4006.4
2019/03/17,3.86178,2.5,14476.22434,0.10483,0.07485,58,3957.975468,3981.5
2019/03/18,4.67479,2.5,14508.9,0.1589,-0.0269,56,4004.716164,3990.2
2019/03/19,4.06504,2.5,14477.21805,-0.1598,0.14899,56,4052.760409,4017
2019/03/20,3.45528,2.5,14477.71491,-0.13823,0.25735,55,4090.723374,4041.2
2019/03/21,4.26829,2.5,14478.21176,0.01286,0.27371,62,4133.064351,3982.2
2019/03/22,5.0813,2.5,14478.70862,-0.103055556,0.070133333,56,4170.200251,3990.4
2019/03/23,19.51219,2.5,14479.20547,0.01924,0.09846,50,4208.018566,4002.5
2019/03/24,14.63414,2.5,14479.70233,-0.021871429,-0.095214286,44,4241.295184,3994.7
2019/03/25,10.36585,2.5,14533.3,0.01683,0.06897,46,4280.853944,3937
2019/03/26,3.86178,2.5,14480.69604,-0.05971,0.04595,43,4317.538282,3942.8
2019/03/27,5.0813,2.5,14481.19289,0.20258,0.17307,44,4339.832531,4041.7
2019/03/28,4.47154,2.5,14481.68975,0.18353,-0.02664,49,4363.159832,4025.6
2019/03/29,8.13008,2.5,14482.1866,0.08876,0.21133,50,4378.083081,4102.2
2019/03/30,7.31707,2.5,14482.68346,0.02916,0.08316,57,4391.303053,4111.8
2019/03/31,4.87804,2.5,14483.18031,0.106066667,-0.072466667,56,4398.05542,4102.3
2019/04/01,6.50406,2.5,14562.2,0.03888,0.207,62,4410.26587,4145.1
2019/04/02,6.91056,2.5,14484.17402,0.05371,0.22181,60,4419.160901,4859.3
2019/04/03,0,2.5,14484.67088,0.10199,-0.11777,71,4413.531882,4968.7
2019/04/04,4.26829,2.5,14485.16773,0.06532,0.18524,61,4410.079827,4902.4
2019/04/05,5.4878,2.5,14485.66459,-0.07108,0.11522,59,4399.695198,5010.2
2019/04/06,5.69105,2.5,14486.16144,0.07615,0.06485,65,4389.93635,5046.2
2019/04/07,6.09756,2.5,14486.6583,0.1908875,0.169425,69,4376.404794,5173.6
2019/04/08,6.50406,2.5,14554.5,-0.027155556,0.428977778,65,4371.898849,5245.2
2019/04/09,6.70731,2.5,14487.65201,-0.1615,0.11317,64,4367.670373,5158.4
2019/04/10,4.67479,2.5,14488.14886,-0.01632,0.06478,62,4352.341996,5307.8
2019/04/11,4.67479,2.5,14488.64572,0.05295,0.0514,65,4343.312514,5022.6
2019/04/12,3.25203,2.5,14489.14257,-0.07748,-0.20135,42,4331.132247,5054.2
2019/04/13,6.50406,2.5,14489.63943,0.02888,0.11184,62,4323.480971,5051.8
2019/04/14,6.09756,2.5,14490.13628,-0.015325,0.1100625,51,4315.542533,5134.8
2019/04/15,5.28455,2.5,14566.1,-0.1011125,0.1321,60,4320.179472,5032.3
2019/04/16,3.65853,2.5,14491.12999,0.0199,0.383333333,50,4327.858825,5180.9
2019/04/17,3.25203,2.5,14491.62685,-0.00732,0.32176,61,4326.24574,5208.3
2019/04/18,4.06504,2.5,14492.1237,-0.19066,0.02931,64,4503.947859,5264.7
2019/04/19,5.69105,2.5,14492.62056,0.038888889,-0.031711111,61,4677.960267,5241
2019/04/20,5.0813,2.5,14493.11742,-0.220742857,-0.142214286,62,4856.071178,5290.2
2019/04/21,4.87804,2.5,14493.61427,-0.0147625,0.0025125,62,5032.232362,5243.5
2019/04/22,3.45528,2.5,14556.7,0.01659,0.4217,61,5221.335492,5346.7
2019/04/23,5.0813,2.5,14494.60798,0.05607,0.03902,68,5411.69433,5511.6
2019/04/24,3.65853,2.5,14495.10484,-0.116125,0.3232125,65,5586.414387,5415.6
2019/04/25,4.47154,2.5,14495.60169,0.085266667,0.205522222,58,5766.758604,5209.1
2019/04/26,6.91056,2.5,14496.09855,-0.11293,-0.13253,41,5938.079566,5298.3
2019/04/27,7.31707,2.5,14496.5954,-0.01805,0.09772,42,6109.390824,5265.9
2019/04/28,5.8943,2.5,14497.09226,-0.08765,0.0699875,40,6271.989215,5302.3
2019/04/29,6.09756,2.5,14601.4,0.04307,0.14776,42,6443.839131,5235
2019/04/30,8.33333,2.5,14501.29347,-0.094944444,0.140211111,42,6609.440452,5320.8
2019/05/01,6.50406,2.5,14504.99783,0.05295,0.34481,51,6747.489875,5384.2
2019/05/02,8.33333,2.5,14508.70219,0.0643,-0.00062,50,6884.347038,5493.8
2019/05/03,10.36585,2.5,14512.40655,-0.18392,0.12591,63,7002.055245,5766.8
2019/05/04,27.84552,2.5,14516.11091,-0.07351,-0.11019,66,7112.075829,5830.9
2019/05/05,13.61788,2.5,14519.81527,0.0579,0.25509,67,7204.445511,5774.9
2019/05/06,14.02439,2.5,14617.2,0.07568,0.02653,57,7301.728724,5745.1
2019/05/07,10.9756,2.5,14527.22398,-0.02562,0.24084,69,7386.226481,5849.5
2019/05/08,7.11382,2.5,14530.92834,0.1289,-0.033111111,63,7433.880956,5990.3
2019/05/09,5.8943,2.5,14534.6327,-0.229566667,-0.018344444,69,7477.791605,6191.5
2019/05/10,9.95934,2.5,14538.33706,0.03374,0.17333,71,7498.273481,6386
2019/05/11,11.58536,2.5,14542.04142,-0.00697,0.17236,76,7510.704885,7190.3
2019/05/12,9.14634,2.5,14545.74578,-0.026,0.076833333,75,7505.172742,6984.8
2019/05/13,8.53658,2.5,14625.2,0.15094,0.03411,78,7509.95024,7806
2019/05/14,10.36585,2.5,14553.1545,0.27083,0.1747,78,7506.009489,7994.6
2019/05/15,6.50406,2.5,14556.85886,0.09124,-0.05304,77,7467.139085,8164.6
2019/05/16,5.4878,2.5,14560.56322,0.06875,0.16457,75,7433.487759,7871.8
2019/05/17,14.63414,2.5,14564.26758,-0.03744,-0.09282,65,7383.646409,7359.5
2019/05/18,13.41463,2.5,14567.97194,0.15734,0.3426,67,7336.604221,7262.6
2019/05/19,9.75609,2.5,14571.67629,-0.17049,0.00592,70,7281.886509,8157.2
2019/05/20,8.73983,2.5,14666.3,0.1229,0.368,73,7252.571269,7965.3
2019/05/21,8.94308,2.5,14579.08501,0.040888889,0.126577778,68,7227.12804,7930.3
2019/05/22,6.30081,2.5,14582.78937,0.0338,0.28111,69,7175.778983,7635.7
2019/05/23,6.09756,2.5,14586.49373,0.00894,0.09821,65,7144.107825,7852.1
2019/05/24,7.11382,2.5,14590.19809,-0.03493,0.0901,64,7107.209478,7970.1
2019/05/25,6.70731,2.5,14593.90245,0.25635,0.083975,69,7085.803285,8027.4
2019/05/26,7.31707,2.5,14597.60681,-0.00952,0.32516,67,7066.915279,8630.2
2019/05/27,4.87804,2.5,14709,-0.130411111,0.0666,70,7086.487366,8760.1
2019/05/28,6.09756,2.5,14605.01553,-0.063733333,0.065266667,71,7178.00513,8716.3
2019/05/29,3.45528,2.5,14608.71989,0.00595,0.04817,71,7245.242579,8647.8
2019/05/30,3.45528,2.5,14612.42425,-0.05741,0.14447,73,7338.310721,8271.9
2019/05/31,7.72357,2.5,14616.12861,0.03217,0.0146,61,7427.102814,8558.3
2019/06/01,5.8943,2.5,14619.83296,0.159225,0.02145,62,7533.682737,8545.7
2019/06/02,6.70731,2.5,14623.53732,-0.02097,0.14828,63,7641.321284,8728.6
2019/06/03,5.69105,2.5,14739.3,0.00156,-0.10662,66,7790.290883,8124.8
2019/06/04,7.72357,2.5,14630.94615,-0.08289,0.07175,42,7948.938582,7685.5
2019/06/05,5.69105,2.5,14634.65062,-0.01557,0.11156,27,8074.245487,7779.1
2019/06/06,3.04878,2.5,14638.35509,0.01536,0.19242,34,8222.99618,7784.9
2019/06/07,9.55284,2.5,14642.05956,-0.0018,0.05942,27,8358.72703,7985.2
2019/06/08,6.09756,2.5,14645.76403,-0.03011,0.26454,62,8505.802239,7901.4
2019/06/09,7.52032,2.5,14649.46849,0.05104,-0.01544,62,8643.989983,7635
2019/06/10,5.69105,2.5,14764.5,-0.01832,-0.04149,46,8818.922086,7987.8
2019/06/11,8.33333,2.5,14656.87743,0.00422,0.07648,61,8993.826665,7888
2019/06/12,9.34959,2.5,14660.5819,-0.18827,0.05865,60,9119.671327,8133.1
2019/06/13,7.31707,2.5,14664.28637,-0.04956,0.34729,63,9261.742794,8219
2019/06/14,11.78861,2.5,14667.99084,-0.102677778,-0.072055556,67,9379.146486,8656.1
2019/06/15,11.17886,2.5,14671.69531,-0.1404125,0.2012375,75,9500.5116,8812.5
2019/06/16,19.71544,2.5,14675.39977,0.146977778,0.226733333,80,9604.048259,8962.5
2019/06/17,29.26829,2.5,14791.5,0.035355556,0.006222222,84,9742.615004,9318.8
2019/06/18,15.04065,2.5,14682.80871,0.03797,0.32448,83,9876.057443,9080.6
2019/06/19,15.6504,2.5,14686.51318,0.10308,0.17642,82,9950.886668,9255.4
2019/06/20,14.43089,2.5,14690.21765,-0.02392,0.06788,81,10042.22715,9517
2019/06/21,14.63414,2.5,14693.92212,0.15778,0.24726,84,10105.83346,10179.3
2019/06/22,15.44715,2.5,14697.62658,-0.00622,-0.09517,83,10175.39901,10721.7
2019/06/23,5.69105,2.5,14701.33105,0.05277,0.14796,84,10228.07826,10897.1
2019/06/24,11.17886,2.5,14810.2,0.07523,0.2324,80,10324.15576,11046.4
2019/06/25,7.72357,2.5,14708.73999,0.04019,0.37701,87,10419.9943,11809.9
2019/06/26,4.87804,2.5,14712.44446,0.15817,0.14252,95,10457.26146,13063.8
2019/06/27,5.69105,2.5,14716.14893,0.07804,-0.0987,92,10520.26742,11287.8
2019/06/28,9.34959,2.5,14719.8534,0.04216,0.18129,62,10560.5283,12409.1
2019/06/29,14.22764,2.5,14723.55786,0.05291,0.30422,74,10615.71481,11906.5
2019/06/30,17.68292,2.5,14727.26233,0.04838,-0.03639,78,10660.68096,10818.6
2019/07/01,15.04065,2.5,14844.2,0.12787,0.20788,65,10761.78009,10616.6
2019/07/02,12.60162,2.5,14734.67127,-0.07052,0.07581,63,10870.46991,10835.9
2019/07/03,4.26829,2.5,14738.37574,-0.10693,0.11752,79,10922.13524,11900.8
2019/07/04,5.28455,2.5,14742.08021,-0.00232,0.18355,76,11008.86254,11163.1
2019/07/05,10.1626,2.5,14745.78468,0.14369,0.21785,67,11076.59414,10970.2
2019/07/06,9.14634,2.5,14749.48914,0,0.288066667,72,11165.75656,11268
2019/07/07,10.9756,2.5,14753.19361,0.02209,0.12264,67,11079.84737,11415.9
2019/07/08,9.75609,2.5,14846.1,-0.042,0.13995,74,11058.10653,12252.6
2019/07/09,9.75609,2.5,14760.60483,0.099666667,-0.019322222,84,11045.94671,12541.5
2019/07/10,3.25203,2.5,14764.31158,0.13199,0.16799,83,10975.67431,12110.6
2019/07/11,5.69105,2.5,14768.01833,-0.05584,-0.15656,62,10942.29217,11342.3
2019/07/12,5.69105,2.5,14771.72508,-0.05912,0.2264,33,10889.57559,11762.1
2019/07/13,5.69105,2.5,14775.43183,-0.01555,-0.00271,65,10857.44419,11364.9
2019/07/14,7.31707,2.5,14779.13858,-0.22423,0.19549,61,10816.93617,10200.1
2019/07/15,6.09756,2.5,14841.2,-0.138144444,-0.252533333,16,10836.12351,10845.9
2019/07/16,6.30081,2.5,14786.55208,-0.00757,0.01354,34,10861.34599,9424.8
2019/07/17,4.06504,2.5,14790.25883,0.02516,-0.01674,19,10826.21952,9723.2
2019/07/18,6.30081,2.5,14793.96558,-0.06697,-0.04472,40,10823.99272,10651.4
2019/07/19,5.0813,2.5,14797.67233,0.09812,0.10311,42,10799.70826,10571.5
2019/07/20,4.67479,2.5,14801.37908,0.043328571,-0.122442857,34,10792.73659,10826.7
2019/07/21,5.8943,2.5,14805.08583,-0.083985714,0.055814286,42,10774.95227,10714.4
2019/07/22,5.0813,2.5,14881.6,-0.2209,0.14318,42,10813.3694,10412.5
2019/07/23,6.30081,2.5,14812.49933,-0.02269,0.06725,40,10855.66098,9888.7
2019/07/24,3.86178,2.5,14816.20608,0.16466,0.26621,20,10837.01669,9804.3
2019/07/25,9.55284,2.5,14819.91283,0.128266667,0.235088889,42,10849.05338,9945.3
2019/07/26,9.75609,2.5,14823.61958,-0.03657,-0.04285,24,10838.06746,9831
2019/07/27,15.44715,2.5,14827.32633,0.10389,0.1111,47,10842.74183,9492.1
2019/07/28,9.75609,2.5,14831.03308,0.044044444,0.051277778,16,10835.54077,9727.8
2019/07/29,6.30081,2.5,14915.4,0.07623,-0.07386,19,10882.08579,9580.9
2019/07/30,8.73983,2.5,14838.44658,-0.06069,-0.03677,22,10930.98394,9580.7
2019/07/31,5.8943,2.5,14842.15333,-0.144388889,0.039066667,31,10918.56083,10082
2019/08/01,3.65853,2.25,14845.86008,0.01208,-0.05551,57,10934.3516,10380
2019/08/02,7.11382,2.25,14849.56683,0.04665,0.24362,61,10925.47109,10520.1
2019/08/03,6.30081,2.25,14853.27358,0.015128571,0.180185714,61,10929.51945,10815.7
2019/08/04,7.72357,2.25,14856.98033,-0.04456,0.15381,62,10919.21884,10934.6
2019/08/05,4.26829,2.25,14932.6,0.04934,-0.14418,64,10958.55007,11816.8
2019/08/06,6.91056,2.25,14864.39383,0.02387,0.10827,66,10996.90611,11480.9
2019/08/07,7.72357,2.25,14868.10058,0.14364,-0.01581,45,10971.71227,12013.9
2019/08/08,6.50406,2.25,14871.80733,-0.13152,0.1157,61,10970.50451,12191.6
2019/08/09,5.8943,2.25,14875.51408,0.004611111,0.164011111,60,10941.41903,12089.8
2019/08/10,7.11382,2.25,14879.22083,-0.33788,-0.01778,59,10921.29303,11314.5
2019/08/11,7.11382,2.25,14882.92758,-0.0616875,0.06505,45,10883.53437,11517.2
2019/08/12,6.91056,2.25,14933.6,-0.09771,-0.05393,48,10891.00545,11394.2
2019/08/13,7.11382,2.25,14890.34108,0.09769,0.14182,45,10894.48402,10892.9
2019/08/14,3.65853,2.25,14894.04783,0.05325,-0.08981,11,10833.14901,10049.4
2019/08/15,6.30081,2.25,14897.75458,0.187633333,0.272144444,13,10793.22182,10303.4
2019/08/16,7.52032,2.25,14901.46133,-0.098466667,0.099188889,31,10749.56406,10335.6
2019/08/17,9.55284,2.25,14905.16808,-0.015,-0.152233333,20,10713.77309,10218.1
2019/08/18,6.70731,2.25,14908.87483,-0.21711,-0.08895,14,10660.43611,10312.7
2019/08/19,9.14634,2.25,14933.7,-0.00545,0.18439,30,10652.30003,10910.7
2019/08/20,6.70731,2.25,14916.28833,0.12496,-0.09303,39,10641.72988,10752.6
2019/08/21,4.47154,2.25,14919.99508,0.11582,-0.00421,11,10569.12688,10141.5
2019/08/22,5.4878,2.25,14923.70183,-0.13258,0.17144,5,10520.5532,10105
2019/08/23,7.52032,2.25,14927.40857,-0.077877778,0.190255556,33,10446.84938,10388.7
2019/08/24,5.8943,2.25,14931.11532,0.02162,-0.07664,39,10385.14173,10131
2019/08/25,8.33333,2.25,14934.82207,-0.11859,0.12181,33,10310.66626,10136.3
2019/08/26,7.52032,2.25,14950.7,-0.0141,0.10168,41,10286.22422,10371.8
2019/08/27,10.9756,2.25,14942.23557,-0.1298,0.05417,30,10264.69304,10184.8
2019/08/28,5.8943,2.25,14945.94232,-0.008033333,0.004888889,32,10186.90451,9729.4
2019/08/29,2.64227,2.25,14949.64907,0.02701,0.05138,20,10138.41207,9491
2019/08/30,4.06504,2.25,14953.35582,0.13565,0.07338,24,10070.12025,9585.4
2019/08/31,7.52032,2.25,14957.06257,-0.353157143,-0.307642857,20,10018.60053,9594.4
2019/09/01,10.77235,2.25,14960.76932,-0.27577,-0.21934,24,9958.723187,9729.3
2019/09/02,4.87804,2.25,14984.6,-0.1111,-0.0428,28,9952.318011,10348.8
2019/09/03,5.28455,2.25,14968.18282,0.222577778,0.497911111,41,9951.771197,10612.3
2019/09/04,5.28455,2.25,14971.88957,0.23375,0.17171,43,9897.396967,10568.2
2019/09/05,5.69105,2.25,14975.59632,0.09859,0.12022,41,9873.38,10566.9
2019/09/06,5.69105,2.25,14979.30307,-0.13684,0.17868,43,9829.947166,10309.3
2019/09/07,6.30081,2.25,14983.00982,-0.003485714,0.243871429,39,9802.519141,10461.1
2019/09/08,6.91056,2.25,14986.71657,0.11188,0.04635,43,9765.173152,10402.8
2019/09/09,8.13008,2.25,14993.4,0.07957,0.28097,41,9778.527102,10309
2019/09/10,8.73983,2.25,14994.13007,-0.17838,0.19498,41,9794.434665,10105.4
2019/09/11,1.82926,2.25,14997.83682,-0.15969,0.10714,38,9752.856599,10162.5
2019/09/12,4.06504,2.25,15001.54357,0.0662,0.08879,39,9736.977825,10415.1
2019/09/13,8.13008,2.25,15005.25032,0.12509,0.30427,38,9696.914441,10342.1
2019/09/14,7.72357,2.25,15008.95707,0.060255556,-0.023344444,39,9667.687338,10337.3
2019/09/15,18.49593,2.25,15012.66382,-0.08718,0.04027,38,9623.495931,10311.5
2019/09/16,12.80487,2.25,15004.7,-0.046255556,0.014277778,38,9624.799885,10255.5
2019/09/17,9.55284,2.25,15020.07732,0.15912,0.25434,41,9624.081703,10195.7
2019/09/18,6.30081,2.25,15023.78407,-0.0008,0.1285,38,9562.182779,10164.7
2019/09/19,3.04878,2,15027.49081,0.07512,0.14912,31,9522.557102,10250.5
2019/09/20,7.31707,2,15031.19756,-0.00117,0.0893,41,9456.473583,10172.7
2019/09/21,8.73983,2,15034.90431,0.09467,0.0165,37,9399.771013,9993
2019/09/22,5.69105,2,15038.61106,0.064,0.07994,37,9327.902704,10031.6
2019/09/23,4.87804,2,15057.6,-0.08789,-0.09951,41,9302.177636,9702.2
2019/09/24,6.91056,2,15046.02456,-0.1654,0.05,39,9276.555481,8513.9
2019/09/25,2.64227,2,15049.73131,-0.15877,0.13335,15,9150.011675,8432.4
2019/09/26,4.26829,2,15053.43806,-0.09812,0.01679,12,9050.58236,8063.8
2019/09/27,5.28455,2,15057.14481,0.00406,0.05823,24,8931.192931,8184.9
2019/09/28,7.52032,2,15060.85156,0.00411,0.20428,32,8828.064922,8208.5
2019/09/29,5.8943,2,15064.55831,0.06908,0.07881,33,8717.94982,8049.1
2019/09/30,7.11382,2,15098,-0.1473625,0.070725,27,8660.827091,8284.3
2019/10/01,8.53658,2,15071.97181,0.19509,0.13228,38,8612.094875,8302.7
2019/10/02,4.26829,2,15075.67856,0.071022222,0.206844444,39,8516.724386,8364.1
2019/10/03,3.04878,2,15079.38531,-0.00599,-0.02411,37,8455.524435,8226.9
2019/10/04,5.69105,2,15083.09206,-0.04928,-0.10482,30,8382.887046,8148.1
2019/10/05,7.11382,2,15086.79881,0.05857,0.43386,31,8333.035294,8127.3
2019/10/06,6.30081,2,15090.50556,-0.00355,0.066475,32,8282.84027,7881.9
2019/10/07,7.52032,2,15122.4,0.10968,0.11623,27,8288.915018,8198.6
2019/10/08,6.30081,2,15097.91906,-0.073577778,0.014344444,39,8307.26946,8182.9
2019/10/09,2.84552,2,15101.62581,0.002433333,0.201733333,37,8283.817248,8566.7
2019/10/10,2.84552,2,15105.33256,0.03374,0.26685,41,8294.754691,8562.3
2019/10/11,6.70731,2,15109.0393,-0.19475,-0.01631,39,8294.887992,8267.8
2019/10/12,9.55284,2,15112.74605,0.05597,-0.00373,38,8315.604321,8304.4
2019/10/13,9.55284,2,15116.4528,-0.0296,0.16595,38,8333.298733,8281.5
2019/10/14,8.53658,2,15128.6,0.01688,-0.00023,37,8400.883503,8353.3
2019/10/15,6.50406,2,15123.8663,0.05418,0.26228,39,8474.918806,8167.2
2019/10/16,13.41463,2,15127.57305,-0.17797,0.1137,40,8502.475178,8000.4
2019/10/17,5.0813,2,15131.2798,-0.04046,0.17852,40,8555.621493,8073.3
2019/10/18,8.53658,2,15134.98655,-0.17868,-0.09658,40,8590.320096,7948.5
2019/10/19,6.09756,2,15138.6933,-0.10744,0.06337,41,8636.099394,7957.3
2019/10/20,4.67479,2,15142.40005,0.16009,0.12025,37,8670.061667,8223.4
2019/10/21,6.91056,2,15167.2,0.07522,0.11217,37,8742.772266,8208.2
2019/10/22,3.86178,2,15148.761,0.01715,0.11634,39,8812.825166,8031.4
2019/10/23,4.87804,2,15151.4152,-0.17757,-0.23425,33,8830.015993,7477
2019/10/24,4.87804,2,15154.0694,0.047677778,0.396033333,20,8863.891341,7422.7
2019/10/25,6.09756,2,15156.7236,-0.06704,0.1239,24,8873.16281,8658.3
2019/10/26,7.52032,2,15159.3778,0.05267,-0.01197,53,8887.032461,9230.6
2019/10/27,7.52032,2,15162.032,0.03484,0.02234,50,8884.734679,9529.6
2019/10/28,7.92682,2,15200.4,-0.00846,0.00352,52,8915.761731,9207.2
2019/10/29,7.31707,2,15167.3404,0.00051,0.07699,54,8941.82535,9411.3
2019/10/30,3.45528,2,15169.9946,-0.02071,0.08917,53,8916.307469,9157.9
2019/10/31,3.25203,1.75,15172.6488,0.07328,0.24638,50,8906.844965,9152.6
2019/11/01,8.73983,1.75,15175.303,0.074733333,0.084911111,49,8875.244578,9230.1
2019/11/02,7.92682,1.75,15177.9572,-0.123433333,0.0939,51,8850.451613,9300.6
2019/11/03,6.09756,1.75,15180.6114,-0.097042857,-0.113957143,56,8813.625039,9198.3
2019/11/04,5.8943,1.75,15224.8,0.028988889,-0.044266667,49,8796.224291,9396.4
2019/11/05,7.52032,1.75,15185.9198,0.145111111,0.071688889,54,8778.600057,9310.8
2019/11/06,3.86178,1.75,15188.574,-0.01426,0.01334,53,8717.009095,9338.9
2019/11/07,3.45528,1.75,15191.2282,-0.05008,0.14175,54,8675.785036,9223.5
2019/11/08,4.87804,1.75,15193.8824,-0.03967,0.11346,42,8618.746966,8778.2
2019/11/09,4.87804,1.75,15196.5366,-0.02312,0.12978,38,8572.935618,8804.5
2019/11/10,6.09756,1.75,15199.1908,0.12472,-0.09633,39,8520.125953,9036.8
2019/11/11,7.72357,1.75,15232.2,-0.09184,0.21591,40,8504.540141,8736.9
2019/11/12,8.73983,1.75,15204.4992,-0.036966667,0.1131,39,8491.581015,8812.6
2019/11/13,5.69105,1.75,15207.1534,-0.11293,0.38442,38,8439.334618,8783.1
2019/11/14,3.65853,1.75,15209.8076,0.06868,0.13608,41,8406.979271,8661.2
2019/11/15,8.13008,1.75,15212.46179,-0.00967,0.08697,38,8359.548784,8476.3
2019/11/16,7.52032,1.75,15215.11599,-0.044744444,-0.011033333,41,8321.207584,8497.3
2019/11/17,7.72357,1.75,15217.77019,-0.13156,0.03059,38,8273.838734,8509.8
2019/11/18,8.33333,1.75,15263.5,-0.096811111,0.038788889,38,8257.695254,8208.4
2019/11/19,4.67479,1.75,15223.07859,0.2029,0.40548,32,8239.565269,8145.7
2019/11/20,2.43902,1.75,15225.73279,0.085733333,0.208955556,32,8179.66347,8099.3
2019/11/21,3.45528,1.75,15228.38699,0.14834,0.14666,30,8132.592536,7627.9
2019/11/22,5.69105,1.75,15231.04119,-0.10413,-0.0454,20,8065.444306,7272.5
2019/11/23,5.28455,1.75,15233.69539,0.01719,-0.0806,23,8000.588293,7324.1
2019/11/24,5.69105,1.75,15236.34959,-0.12802,0.06708,21,7921.301498,6924.7
2019/11/25,6.50406,1.75,15294.2,-0.238433333,-0.182766667,17,7865.317341,7115.6
2019/11/26,5.4878,1.75,15241.2574,-0.13813,0.13081,21,7802.375878,7162.8
2019/11/27,4.47154,1.75,15243.51101,0.06843,0.23637,20,7696.453148,7510.6
2019/11/28,3.04878,1.75,15245.76462,-0.01527,0.10788,32,7599.221076,7426.7
2019/11/29,5.28455,1.75,15248.01823,0.02758,0.25459,31,7481.431544,7742.7
2019/11/30,5.4878,1.75,15250.27184,-0.157942857,-0.096,38,7365.163839,7546.6
2019/12/01,5.0813,1.75,15252.52545,0.055744444,0.030077778,25,7236.4441,7396.4
2019/12/02,6.70731,1.75,15293.1,0.08062,0.15987,28,7131.643642,7298.2
2019/12/03,4.87804,1.75,15257.03267,-0.186644444,-0.055288889,28,7024.371586,7291.8
2019/12/04,2.03252,1.75,15259.28628,-0.22221,-0.01431,24,6883.006358,7204.4
2019/12/05,2.84552,1.75,15261.53989,-0.24067,-0.15848,21,6756.626443,7399.2
2019/12/06,4.67479,1.75,15263.7935,0.23394,0.27794,29,6619.65883,7530.8
2019/12/07,6.30081,1.75,15266.04711,-0.087077778,0.035544444,32,6493.576596,7510.9
2019/12/08,6.50406,1.75,15268.30072,0.04588,0.15267,28,6366.509331,7524.4
2019/12/09,3.45528,1.75,15274.4,-0.03813,0.18653,32,6272.502431,7355.8
2019/12/10,2.84552,1.75,15272.80794,-0.02305,0.25715,26,6187.773658,7235.7
2019/12/11,3.86178,1.75,15275.06155,0.013955556,0.359133333,20,6083.577753,7208
2019/12/12,2.64227,1.75,15277.31516,-0.015011111,0.134622222,23,6004.647583,7208
2019/12/13,6.09756,1.75,15279.56877,-0.03663,0.12826,22,5927.153969,7255.2
2019/12/14,4.06504,1.75,15281.82238,-0.04424,-0.00954,27,5953.197418,7080.8
2019/12/15,3.04878,1.75,15284.07599,-0.13933,0.17372,21,5988.564644,7128.5
2019/12/16,6.91056,1.75,15328.7,-0.1511,0.04046,24,6064.54613,6903.5
2019/12/17,3.25203,1.75,15288.58321,-0.18573,-0.28918,23,6158.315729,6613.3
2019/12/18,3.25203,1.75,15290.83682,-0.027233333,0.041944444,15,6240.749841,7276
2019/12/19,2.64227,1.75,15293.09043,0.02045,0.02067,21,6353.461027,7165.5
2019/12/20,4.67479,1.75,15295.34404,-0.09444,-0.11703,23,6471.642679,7196.4
2019/12/21,4.87804,1.75,15297.59765,0.11002,0.09429,23,6612.283601,7156.2
2019/12/22,3.25203,1.75,15299.85126,-0.13149,-0.02089,20,6761.722113,7495.8
2019/12/23,3.04878,1.75,15338.9,0.11322,0.26347,33,6948.875143,7322.8
2019/12/24,4.47154,1.75,15304.35848,0.18604,0.26049,25,7148.464711,7268.3
2019/12/25,4.47154,1.75,15306.61209,-0.015122222,0.098122222,22,7328.934996,7224.8
2019/12/26,2.64227,1.75,15308.8657,0.17706,0.07226,39,7529.609028,7210.9
2019/12/27,3.86178,1.75,15311.11931,0.11458,0.1543,38,7723.47965,7261.7
2019/12/28,4.87804,1.75,15313.37292,0.27285,0.1045,37,7925.570596,7321.5
2019/12/29,9.55284,1.75,15315.62653,-0.1190875,0.058725,37,8120.484828,7397.5
2019/12/30,10.5691,1.75,15346.3,0.11521,0.27003,40,8335.742899,7261.8
2019/12/31,4.26829,1.75,15320.13374,-0.01082,0.22597,38,8544.972438,7196.4
2020/01/01,4.67479,1.75,15322.38735,0.0039,0.08546,37,8715.89981,7199.8
2020/01/02,3.45528,1.75,15324.64096,0.05318,-0.00928,39,8887.596816,6967
2020/01/03,3.45528,1.75,15326.89457,0.076166667,-0.208355556,38,9033.175802,7343.1
2020/01/04,5.0813,1.75,15329.14818,-0.0296,0.13856,38,9168.246875,7376.8
2020/01/05,9.34959,1.75,15331.40179,-0.03881,0.03736,39,9278.403123,7372.5
2020/01/06,6.09756,1.75,15350.8,-0.06104,0.12882,41,9392.605239,7759.1
2020/01/07,5.0813,1.75,15335.90901,-0.010366667,0.226722222,40,9486.266878,8155.7
2020/01/08,2.84552,1.75,15338.16262,0.04523,0.00117,51,9529.251326,8059.6
2020/01/09,7.52032,1.75,15340.41623,0.028555556,0.249922222,44,9563.13796,7842.4
2020/01/10,5.0813,1.75,15342.66984,-0.01949,0.06604,41,9563.752352,8187.1
2020/01/11,1.62601,1.75,15344.92345,0.00631,0.21421,50,9549.653417,8024.1
2020/01/12,4.06504,1.75,15347.17706,-0.10377,0.00192,45,9509.493977,8187.6
2020/01/13,3.25203,1.75,15386.8,0.16076,0.19714,49,9475.39644,8111.4
2020/01/14,0,1.75,15351.68428,0.04739,0.22778,56,9425.886652,8829.2
2020/01/15,2.84552,1.75,15353.93789,0.011688889,0.297911111,54,9333.857379,8818.3
2020/01/16,4.06504,1.75,15356.1915,0.007588889,0.214744444,55,9243.82658,8726.9
2020/01/17,3.86178,1.75,15358.44511,0.0024,0.00028,54,9134.285661,8913.1
2020/01/18,5.8943,1.75,15360.69871,-0.0573,0.23149,51,9026.211397,8916.3
2020/01/19,7.11382,1.75,15362.95232,-0.05596,-0.04498,53,8910.308609,8706.2
2020/01/20,6.91056,1.75,15437.6,-0.09668,-0.12629,48,8820.395559,8641.9
2020/01/21,6.30081,1.75,15367.45954,0.016266667,0.304166667,49,8736.216526,8732.6
2020/01/22,3.45528,1.75,15369.71315,-0.03142,-0.0304,52,8631.413196,8678.5
2020/01/23,5.28455,1.75,15371.96676,0.0132,0.0345,49,8497.895334,8405.1
2020/01/24,5.69105,1.75,15374.22037,-0.06295,-0.01555,40,8367.837683,8439.9
2020/01/25,4.87804,1.75,15376.47398,0.08855,0.17317,41,8261.110618,8341.6
2020/01/26,4.67479,1.75,15378.72759,-0.0777,0.20946,42,8167.070217,8607.8
2020/01/27,9.95934,1.75,15459.5,0.18661,0.22394,50,8116.708917,8866.6
2020/01/28,3.65853,1.75,15383.23481,-0.24802,0.07466,54,8087.714297,9377.3
2020/01/29,1.01626,1.75,15385.48842,0.17544,-0.06129,57,8052.131871,9298.9
2020/01/30,4.87804,1.75,15387.74203,-0.035055556,0.193177778,57,8050.154531,9507.3
2020/01/31,6.30081,1.75,15389.99564,0.08399,0.12624,55,8057.778182,9349.1
2020/02/01,6.70731,1.75,15392.24925,-0.14185,0.10338,57,8090.9048,9381.6
2020/02/02,6.70731,1.75,15394.50286,0.018957143,0.2606,57,8136.210773,9334.9
2020/02/03,6.70731,1.75,15442.8,-0.0039,0.09362,59,8220.248638,9296.6
2020/02/04,6.70731,1.75,15403.07087,0.046942857,0.107885714,56,8318.709214,9193.9
2020/02/05,5.4878,1.75,15409.38528,0.08552,0.31395,53,8402.10882,9611.8
2020/02/06,6.09756,1.75,15415.69968,0.08994,0.42527,61,8506.351695,9772
2020/02/07,4.67479,1.75,15422.01408,0.09578,0.11132,56,8606.295276,9818.6
2020/02/08,5.0813,1.75,15428.32849,-0.08961,0.10726,56,8715.27891,9895.5
2020/02/09,3.65853,1.75,15434.64289,0.0044,0.059,56,8819.120388,10151.5
2020/02/10,5.69105,1.75,15445,0.08571,0.11316,57,8942.118059,9854.1
2020/02/11,7.52032,1.75,15447.2717,-0.05411,0.12127,52,9060.457135,10229.5
2020/02/12,5.4878,1.75,15453.58611,0.06778,0.13064,61,9145.855341,10317.7
2020/02/13,4.87804,1.75,15459.90051,-0.14504,0.10106,65,9232.827215,10235.1
2020/02/14,4.26829,1.75,15466.21492,-0.01639,-0.06259,63,9298.084831,10333
2020/02/15,7.52032,1.75,15472.52932,-0.074944444,-0.020722222,64,9355.416732,9907.7
2020/02/16,5.69105,1.75,15478.84372,-0.01273,-0.10253,59,9392.738016,9932.3
2020/02/17,6.30081,1.75,15455.7,0.08349,0.05817,49,9434.920888,9701.4
2020/02/18,5.28455,1.75,15491.47253,0.11985,0.16186,53,9461.277697,10158.4
2020/02/19,4.67479,1.75,15497.78694,0.0587,-0.089922222,50,9447.103773,9609.4
2020/02/20,3.86178,1.75,15504.10134,-0.112777778,-0.205211111,44,9427.590072,9602.4
2020/02/21,6.30081,1.75,15510.41575,-0.18409,-0.07486,44,9383.014721,9684.5
2020/02/22,4.87804,1.75,15516.73015,-0.13869,0.08903,43,9328.937538,9655.7
2020/02/23,3.65853,1.75,15523.04456,-0.02991,0.09446,46,9256.27971,9942.7
2020/02/24,5.0813,1.75,15446.8,-0.1406,-0.02527,46,9190.969924,9662.7
2020/02/25,6.09756,1.75,15535.67337,-0.06326,-0.0103,44,9115.502545,9317.2
2020/02/26,3.86178,1.75,15541.98777,-0.14568,-0.13452,41,9008.387114,8800.3
2020/02/27,6.70731,1.75,15548.30217,0.0424,0.05478,39,8904.729402,8818.6
2020/02/28,6.09756,1.75,15554.61658,-0.02015,-0.00254,40,8787.243736,8697.5
2020/02/29,9.55284,1.75,15560.93098,0.0286,0.27585,38,8671.801908,8543.7
2020/03/01,6.09756,1.75,15567.24539,-0.07255,-0.11564,39,8550.588932,8540
2020/03/02,9.14634,1.75,15524.8,-0.31903,-0.13124,38,8448.617499,8904.8
2020/03/03,21.95121,1.75,15579.8742,-0.06937,0.12865,38,8348.351935,8761.4
2020/03/04,10.1626,1.25,15586.1886,-0.0019,0.19645,40,8230.338205,8757.9
2020/03/05,8.73983,1.25,15592.50301,0.174344444,0.107488889,41,8127.283863,9060.3
2020/03/06,13.00813,1.25,15598.81741,-0.0253375,0.2736625,39,8022.046756,9134.8
2020/03/07,15.44715,1.25,15605.13182,-0.04838,0.05526,38,7928.577968,8887.8
2020/03/08,10.9756,1.25,15611.44622,0.01515,-0.00833,33,7838.231689,8034.1
2020/03/09,13.21138,1.25,15579.8,-0.0699,-0.13909,17,7773.164797,7933
2020/03/10,10.36585,1.25,15649.98806,0.00402,0.10265,16,7716.259581,7891.2
2020/03/11,9.14634,1.25,15682.2155,-0.19137,0.26383,17,7646.530257,7935.1
2020/03/12,4.67479,1.25,15714.44293,-0.19144,-0.22891,14,7593.123507,4826
2020/03/13,11.78861,1.25,15746.67037,-0.24108,0.0122,10,7538.22819,5584.3
2020/03/14,8.33333,1.25,15778.8978,-0.10124,-0.18293,8,7493.371555,5182.7
2020/03/15,7.52032,1.25,15811.12524,-0.170777778,0.031188889,12,7448.913199,5366.3
2020/03/16,10.5691,0.25,15738.5,-0.012,-0.15361,9,7424.308819,5030
2020/03/17,6.09756,0.25,15875.58011,-0.19628,0.2316,8,7402.26118,5261.1
2020/03/18,5.8943,0.25,15907.80755,-0.1024,-0.06248,11,7362.076676,5361.4
2020/03/19,6.91056,0.25,15940.03498,-0.0806,0.05905,12,7330.344143,6172
2020/03/20,12.60162,0.25,15972.26242,-0.00048,0.02658,9,7289.804522,6205.3
2020/03/21,7.11382,0.25,16004.48985,-0.06045,0.08574,9,7250.959185,6186.2
2020/03/22,7.72357,0.25,16036.71729,-0.1973,-0.05962,11,7204.703171,5822.1
2020/03/23,8.53658,0.25,16163.5,0.07953,0.04847,10,7169.405968,6468.9
2020/03/24,8.33333,0.25,16101.17216,0.11411,0.07119,12,7129.242642,6744.6
2020/03/25,6.50406,0.25,16133.3996,0.018177778,-0.021922222,13,7065.452806,6678.9
2020/03/26,4.67479,0.25,16165.62703,-0.085555556,-0.034933333,14,7003.651807,6725.1
2020/03/27,6.50406,0.25,16197.85447,0.13147,0.13099,12,6928.617446,6373.4
2020/03/28,14.22764,0.25,16230.0819,0.03264,0.02341,8,6851.171647,6233.7
2020/03/29,12.60162,0.25,16262.30934,0.10823,0.03785,12,6763.919283,5890.4
2020/03/30,9.14634,0.25,16545.3,-0.00629,0.04936,10,6685.118225,6391
2020/03/31,10.9756,0.25,16326.76421,-0.228075,-0.2077375,12,6601.1694,6412.5
2020/04/01,6.91056,0.25,16358.99165,0.08772,0.14781,12,6495.763864,6638.5
2020/04/02,5.4878,0.25,16391.21908,-0.12554,0.05092,14,6393.819241,6800.5
2020/04/03,6.09756,0.25,16423.44652,0.03873,0.11155,14,6282.183533,6735.9
2020/04/04,7.52032,0.25,16455.67395,-0.029844444,0.178711111,12,6171.797106,6857.4
2020/04/05,5.0813,0.25,16487.90139,-0.13906,0.23734,12,6056.550658,6772.7
2020/04/06,7.72357,0.25,16609.7,-0.13012,-0.00365,12,5953.964055,7332.3
2020/04/07,7.31707,0.25,16552.35626,0.14471,0.06285,20,5851.860093,7185.2
2020/04/08,7.31707,0.25,16584.5837,-0.08741,-0.0143,21,5735.428849,7361.2
2020/04/09,5.0813,0.25,16616.81113,0.1463,0.08076,22,5627.821952,7289
2020/04/10,5.8943,0.25,16649.03857,0.025,-0.09335,15,5516.80845,6863.1
2020/04/11,5.8943,0.25,16681.266,-0.08881,0.12729,15,5412.253395,6867.8
2020/04/12,7.72357,0.25,16713.49344,-0.011744444,0.137166667,10,5597.899921,6917.6
2020/04/13,6.30081,0.25,16728.7,-0.00965,-0.03962,11,5797.03201,6841.3
2020/04/14,4.47154,0.25,16777.91478,-0.21128,-0.07063,15,5998.385553,6850.9
2020/04/15,4.47154,0.25,16810.10868,-0.05048,0.09205,18,6185.015167,6629.1
2020/04/16,4.67479,0.25,16842.30258,0.124722222,0.371888889,13,6381.358806,7085.6
2020/04/17,5.69105,0.25,16874.49648,-0.07428,0.1897,15,6572.915087,7035.8
2020/04/18,6.70731,0.25,16906.69038,-0.06604,0.02408,18,6770.826363,7230.8
2020/04/19,6.91056,0.25,16938.88428,-0.03646,-0.00854,16,6966.839208,7122.9
2020/04/20,10.5691,0.25,17089.5,0.00667,0.33153,15,7181.668557,6833.5
2020/04/21,6.91056,0.25,17003.27208,-0.33669,-0.15346,17,7399.278333,6842.5
2020/04/22,3.65853,0.25,17035.46599,-0.12609,-0.07636,19,7596.935025,7112.9
2020/04/23,4.47154,0.25,17067.65989,-0.07269,-0.01052,19,7803.877094,7488.5
2020/04/24,4.26829,0.25,17099.85379,-0.02159,-0.07628,20,8000.458423,7503.8
2020/04/25,5.8943,0.25,17132.04769,0.0177375,0.23415,24,8199.020102,7540.4
2020/04/26,5.8943,0.25,17164.24159,-0.250855556,0.084666667,21,8388.030858,7678.9
2020/04/27,6.50406,0.25,17419.4,-0.13521,0.06172,28,8591.483637,7766
2020/04/28,6.30081,0.25,17228.62939,-0.1871,0.33992,26,8788.704897,7746.9
2020/04/29,4.67479,0.25,17260.82329,-0.03519,0.28946,26,8951.636036,8770.9
2020/04/30,6.50406,0.25,17293.01719,0.114088889,0.129577778,44,9115.102523,8629
2020/05/01,9.14634,0.25,17325.21109,0.00284,-0.01023,40,9255.40773,8821.6
2020/05/02,8.53658,0.25,17357.405,-0.07793,0.03499,40,9387.467446,8966.3
2020/05/03,5.8943,0.25,17389.5989,0.06584,0.05889,45,9498.094707,8885.5
2020/05/04,4.87804,0.25,17613.3,0.0088,0.11762,44,9616.384774,8874.7
2020/05/05,8.33333,0.25,17453.9867,0.11232,0.00989,40,9719.001823,9001
2020/05/06,7.31707,0.25,17486.1806,-0.09422,-0.08563,42,9774.631329,9151.4
2020/05/07,4.67479,0.25,17518.3745,0.01477,0.08656,49,9825.788068,9979.8
2020/05/08,7.52032,0.25,17550.5684,0.08718,0.12922,55,9846.79749,9806.2
2020/05/09,7.52032,0.25,17582.7623,-0.09322,0.38767,56,9857.129988,9554.6
2020/05/10,6.50406,0.25,17614.9562,0.00684,-0.04399,48,9843.769064,8738.8
2020/05/11,5.28455,0.25,17832.6,0.04372,0.1512,40,9842.52742,8579.8
2020/05/12,4.47154,0.25,17679.34401,0.125825,0.106325,39,9828.759378,8813.8
2020/05/13,6.09756,0.25,17711.53791,-0.0128,0.13522,41,9768.939778,9298.7
2020/05/14,4.47154,0.25,17743.73181,-0.01531,-0.02879,40,9713.975108,9778.4
2020/05/15,5.69105,0.25,17775.92571,0.02045,0.00129,44,9636.546469,9318
2020/05/16,5.4878,0.25,17808.11961,0.01609,0.01354,41,9560.628369,9379.5
2020/05/17,7.11382,0.25,17840.31351,-0.04017,0.08444,40,9472.93618,9677.7
2020/05/18,4.67479,0.25,17922.6,-0.01699,0.20779,50,9415.18071,9730.7
2020/05/19,5.69105,0.25,17878.2976,0.29103,0.24627,50,9360.224949,9773.3
2020/05/20,5.4878,0.25,17884.08778,-0.05528,-0.03094,52,9270.818789,9512.3
2020/05/21,2.84552,0.25,17889.87797,-0.03003,0.21149,49,9204.452478,9059
2020/05/22,5.28455,0.25,17895.66815,-0.0174,0.26981,42,9070.671343,9169.7
2020/05/23,7.52032,0.25,17901.45834,0.00545,-0.0054375,40,8957.67056,9177
2020/05/24,7.52032,0.25,17907.24852,-0.21157,-0.01028,43,8849.366265,8728.2
2020/05/25,8.13008,0.25,17951.3,-0.08366,0.12535,41,8789.656399,8898.2
2020/05/26,6.50406,0.25,17918.82889,0.03429,0.17339,39,8746.537467,8842.5
2020/05/27,4.67479,0.25,17924.61908,0.034,0.26834,39,8677.908488,9199.1
2020/05/28,5.8943,0.25,17930.40926,-0.11481,0.20363,41,8643.426103,9572.2
2020/05/29,9.34959,0.25,17936.19945,-0.077425,0.1095375,48,8607.454581,9424.8
2020/05/30,6.91056,0.25,17941.98963,0.039725,0.118875,48,8595.296782,9692.5
2020/05/31,8.13008,0.25,17947.77982,0.04403,0.19462,51,8587.627858,9454.8
2020/06/01,6.09756,0.25,17985,0.20679,0.22388,50,8628.879139,10189.3
2020/06/02,7.52032,0.25,17959.36019,0.0045,0.05701,56,8683.021582,9527.6
2020/06/03,5.69105,0.25,17965.15038,0.02098,0.06017,48,8703.565941,9667.2
2020/06/04,4.67479,0.25,17970.94056,-0.10231,0.1281,54,8752.136906,9794.4
2020/06/05,6.91056,0.25,17976.73075,0.02652,0.25287,53,8789.574154,9631.2
2020/06/06,5.4878,0.25,17982.52093,-0.06381,-0.0302,54,8841.570535,9669.6
2020/06/07,8.33333,0.25,17988.31112,-0.20657,-0.10774,54,8886.849925,9742.6
2020/06/08,7.52032,0.25,18075.3,-0.05292,0.04814,53,8971.907166,9777.9
2020/06/09,6.30081,0.25,17999.89149,0.04538,0.10867,52,9058.412558,9768.8
2020/06/10,2.84552,0.25,18005.68167,-0.0739,-0.15646,54,9097.358129,9878.8
2020/06/11,5.69105,0.25,18011.47186,-0.04622,0.18647,52,9154.297736,9283.2
2020/06/12,9.34959,0.25,18017.26204,-0.11743,-0.19289,38,9188.544646,9466.6
2020/06/13,6.30081,0.25,18023.05223,-0.12623,-0.03112,38,9228.162675,9471.3
2020/06/14,5.28455,0.25,18028.84241,-0.07629,0.10426,40,9251.835638,9345.3
2020/06/15,5.0813,0.25,18152.1,-0.12727,-0.178,37,9309.91403,9425.4
2020/06/16,7.52032,0.25,18040.42278,-0.061733333,0.044666667,39,9363.395863,9523.5
2020/06/17,5.8943,0.25,18046.21297,0.228655556,0.075744444,38,9362.180134,9464.6
2020/06/18,6.70731,0.25,18052.00315,-0.09831,0.00015,40,9376.940763,9388.1
2020/06/19,5.8943,0.25,18057.79334,-0.17577,0.13496,39,9366.396217,9314
2020/06/20,5.4878,0.25,18063.58352,-0.03757,0.10608,38,9361.6372,9358.8
2020/06/21,3.65853,0.25,18069.37371,-0.07985,-0.0414,37,9341.679735,9296.4
2020/06/22,4.47154,0.25,18249.4,0.050111111,0.153222222,38,9360.819066,9683.7
2020/06/23,4.67479,0.25,18080.95019,-0.04091,0.15423,41,9379.195509,9624.6
2020/06/24,2.84552,0.25,18086.73648,0.031011111,0.188822222,50,9345.171498,9302
2020/06/25,4.47154,0.25,18092.52277,-0.165422222,-0.062177778,43,9333.862794,9247.5
2020/06/26,4.06504,0.25,18098.30906,0.10562,0.0914,40,9302.50965,9160
2020/06/27,3.65853,0.25,18104.09535,0.08091,-0.05139,43,9284.175609,9008.3
2020/06/28,4.06504,0.25,18109.88164,-0.08934,0.1519,40,9257.022579,9124
2020/06/29,3.45528,0.25,18245.7,0.05116,0.15374,41,9278.012829,9185.4
2020/06/30,4.87804,0.25,18121.45422,-0.17367,0.05147,44,9305.101899,9135.4
2020/07/01,2.03252,0.25,18127.24051,0.166177778,0.123988889,42,9266.490467,9229.9
2020/07/02,2.84552,0.25,18133.02681,0.01466,0.05147,42,9257.919993,9085.1
2020/07/03,6.30081,0.25,18138.8131,0.0002875,0.354025,41,9234.003562,9067.1
2020/07/04,5.0813,0.25,18144.59939,0.021657143,0.018171429,40,9228.48291,9134.4
2020/07/05,3.86178,0.25,18150.38568,0.027133333,0.057055556,38,9217.784993,9081
2020/07/06,4.47154,0.25,18338.2,-0.11344,0.17333,40,9260.090304,9339
2020/07/07,4.26829,0.25,18161.95826,-0.01942,0.0764,43,9310.788753,9256
2020/07/08,1.82926,0.25,18167.74455,-0.03594,0.13757,44,9312.800849,9429.9
2020/07/09,2.43902,0.25,18173.53084,-0.08089,0.16691,44,9346.188042,9235.7
2020/07/10,4.26829,0.25,18179.31713,-0.2255,-0.05581,41,9363.352575,9285.1
2020/07/11,5.28455,0.25,18185.10342,0.00939,0.10505,44,9398.529646,9233.3
2020/07/12,5.69105,0.25,18190.88972,0.0785,-0.222555556,41,9426.851985,9300.8
2020/07/13,7.72357,0.25,18396.3,-0.061822222,0.000233333,43,9507.977121,9243.6
2020/07/14,5.69105,0.25,18202.4623,-0.08803,0.12241,43,9595.530394,9253.4
2020/07/15,3.65853,0.25,18208.24859,-0.18428,0.02948,44,9630.402023,9198.7
2020/07/16,3.25203,0.25,18214.03488,-0.08946,-0.26179,43,9695.142892,9135.3
2020/07/17,9.95934,0.25,18219.82117,-0.07392,0.06872,41,9740.626862,9155.8
2020/07/18,8.94308,0.25,18225.60746,-0.209425,0.07605,44,9802.25947,9170.2
2020/07/19,8.13008,0.25,18231.39375,0.07082,0.05818,41,9854.522813,9208
2020/07/20,7.52032,0.25,18321.2,0.00483,0.17175,44,9959.136677,9162.4
2020/07/21,6.50406,0.25,18242.96633,-0.014688889,0.238333333,44,10068.46712,9387.3
2020/07/22,6.70731,0.25,18248.75263,-0.08372,-0.11649,50,10121.7821,9513.7
2020/07/23,6.09756,0.25,18254.53892,-0.156775,0.28195,55,10204.42019,9599.6
2020/07/24,5.69105,0.25,18260.32521,-0.18607,0.00123,53,10265.90799,9546.4
2020/07/25,7.31707,0.25,18266.1115,-0.04839,0.00142,55,10342.88333,9704.1
2020/07/26,9.55284,0.25,18271.89779,-0.00385,-0.0295,55,10409.1238,9932.5
2020/07/27,5.0813,0.25,18282.4,-0.06911,0.01962,58,10528.25009,11022.8
2020/07/28,7.92682,0.25,18283.47037,-0.05244,0.03654,76,10651.11325,10908.5
2020/07/29,4.87804,0.25,18289.25666,-0.07653,0.21205,71,10715.02599,11105.9
2020/07/30,5.69105,0.25,18295.04295,-0.09655,0.11377,76,10807.72487,11096.2
2020/07/31,5.8943,0.25,18300.82924,-0.253033333,-0.221022222,75,10876.96573,11333.4
2020/08/01,4.87804,0.25,18306.61554,0.06661,0.07389,75,10960.18609,11803.1
2020/08/02,4.87804,0.25,18312.40183,-0.00402,0.19726,80,11030.04221,11066.8
2020/08/03,6.50406,0.25,18252.1,-0.207144444,-0.1234,75,11151.67932,11224.4
2020/08/04,4.87804,0.25,18323.97441,0.04779,-0.10564,72,11274.12058,11184.7
2020/08/05,3.04878,0.25,18329.7607,0.03558,0.40693,75,11332.4947,11735.1
2020/08/06,3.65853,0.25,18335.54699,-0.0447,0.10924,79,11416.80881,11757.1
2020/08/07,4.67479,0.25,18341.33328,0.208188889,0.275155556,77,11473.03524,11592
2020/08/08,7.52032,0.25,18347.11957,-0.02303,0.15227,77,11539.5214,11764.3
2020/08/09,5.4878,0.25,18352.90586,-0.07929,0.12937,79,11588.0391,11681.2
2020/08/10,4.06504,0.25,18390.9,-0.0069,0.14921,78,11646.13653,11889.2
2020/08/11,3.65853,0.25,18364.47845,-0.00653,-0.05808,84,11700.64954,11390.4
2020/08/12,5.0813,0.25,18370.26474,0.01728,0.1985,75,11685.81181,11557.2
2020/08/13,2.84552,0.25,18376.05103,-0.03281,0.12159,75,11694.0252,11770.9
2020/08/14,1.42276,0.25,18381.83732,-0.12195,-0.008675,78,11670.90233,11750.8
2020/08/15,5.4878,0.25,18387.62361,0.14595,0.2833125,79,11655.99405,11845.3
2020/08/16,6.91056,0.25,18393.4099,0.04514,0.16517,82,11621.55245,11899
2020/08/17,6.91056,0.25,18433.8,0.031844444,0.164233333,83,11635.62945,12282.6
2020/08/18,5.0813,0.25,18404.98248,-0.118,0.133822222,82,11646.36505,11947.6
2020/08/19,4.06504,0.25,18410.76877,-0.05494,0.05262,80,11588.57261,11750.2
2020/08/20,2.84552,0.25,18416.55506,-0.10704,0.11059,75,11555.9097,11856.9
2020/08/21,5.4878,0.25,18422.34136,-0.08988,0.12175,81,11494.59697,11529.2
2020/08/22,6.91056,0.25,18428.12765,-0.1170625,-0.0350125,78,11445.14202,11661.3
2020/08/23,5.69105,0.25,18433.91394,-0.135055556,-0.110977778,76,11380.39101,11641.6
2020/08/24,5.28455,0.25,18366.6,0.06778,0.19276,78,11369.29458,11753.5
2020/08/25,4.47154,0.25,18445.48652,0.0235,0.22452,75,11360.25891,11324.8
2020/08/26,2.84552,0.25,18451.27281,0.116866667,0.079222222,76,11288.16479,11462.3
2020/08/27,5.8943,0.25,18457.0591,0.02292,0.17827,75,11247.25217,11327.4
2020/08/28,5.4878,0.25,18462.84539,0.10622,0.23952,74,11183.53205,11527.4
2020/08/29,6.91056,0.25,18468.63168,0.01709,-0.03505,79,11137.52873,11468.1
2020/08/30,7.72357,0.25,18474.41798,-0.080411111,0.093733333,75,11081.64707,11702
2020/08/31,7.11382,0.25,18441.2,0.04226,-0.16778,75,11084.63679,11644.2
2020/09/01,7.52032,0.25,18485.99056,0.07939,0.12155,75,11094.04057,11914.9
2020/09/02,2.43902,0.25,18491.77685,-0.07131,0.17348,83,11043.68314,11413.3
2020/09/03,3.25203,0.25,18497.56314,0.08304,0.00546,79,11027.3067,10168.8
2020/09/04,4.87804,0.25,18503.34943,-0.13636,-0.14991,40,10989.7125,10472.5
2020/09/05,3.65853,0.25,18509.13572,-0.230966667,-0.025233333,41,10970.55657,10092.2
2020/09/06,4.26829,0.25,18514.92201,-0.11726,0.07929,41,10941.06493,10296.4
2020/09/07,4.87804,0.25,18548.7,0.08191,0.25951,41,10969.22449,10376.9
2020/09/08,4.87804,0.25,18526.49459,0.06678,0.09866,41,11001.35143,10126.6
2020/09/09,5.0813,0.25,18532.28089,0.02608,0.11745,38,10970.06763,10224.6
2020/09/10,3.65853,0.25,18538.06718,0.11997,0.04177,38,10968.69761,10339.7
2020/09/11,6.91056,0.25,18543.85347,-0.0425,0.08405,41,10941.14324,10390.2
2020/09/12,4.47154,0.25,18549.63976,0.010633333,0.046688889,41,10926.72917,10441.9
2020/09/13,3.86178,0.25,18555.42605,0.07631,0.10824,38,10896.25444,10326
2020/09/14,4.06504,0.25,18669.6,0.04601,0.13949,39,10917.89139,10675.3
2020/09/15,2.84552,0.25,18566.99863,0.05384,0.18857,47,10937.8487,10785.3
2020/09/16,1.01626,0.25,18572.78492,0.05881,0.18389,43,10888.80354,10949.5
2020/09/17,2.43902,0.25,18578.57121,0.10803,0.09218,48,10865.02299,10941.3
2020/09/18,4.87804,0.25,18584.3575,0.05901,0.30963,49,10810.93074,10933
2020/09/19,2.64227,0.25,18590.1438,-0.11698,0.01848,48,10780.01211,11081.8
2020/09/20,1.82926,0.25,18595.93009,-0.07675,0.20265,52,10730.82806,10921.5
2020/09/21,1.62601,0.25,18684.9,0.0498,0.13037,48,10733.25805,10416.8
2020/09/22,2.64227,0.25,18607.50267,0.0775,-0.00206,39,10734.5498,10531.5
2020/09/23,2.03252,0.25,18613.28896,0.18103,0.26281,43,10668.08407,10237.3
2020/09/24,1.62601,0.25,18619.07525,-0.19762,0.09012,39,10630.37717,10739.4
2020/09/25,3.86178,0.25,18624.86154,-0.34023,0.03372,46,10566.63988,10688.8
2020/09/26,3.25203,0.25,18630.64783,-0.1149,0.27384,45,10519.08602,10727.9
2020/09/27,5.4878,0.25,18636.43412,-0.11904,0.02696,47,10460.33017,10776.2
2020/09/28,3.45528,0.25,18610,0.00806,0.17363,43,10462.20241,10693.2
2020/09/29,3.04878,0.25,18648.00671,-0.019933333,0.184777778,45,10472.16535,10840.9
2020/09/30,2.84552,0.25,18653.793,-0.01434,0.1843,49,10423.42322,10776.1
2020/10/01,4.06504,0.25,18659.57929,-0.05418,0.17105,45,10414.1139,10620.5
2020/10/02,3.25203,0.25,18665.36558,-0.183133333,0.232066667,41,10388.90156,10572.3
2020/10/03,5.69105,0.25,18671.15187,0.0805,0.09319,40,10390.38601,10544.2
2020/10/04,3.86178,0.25,18676.93816,-0.07712,0.31132,42,10390.41181,10672.9
2020/10/05,3.45528,0.25,18647.5,-0.01387,0.1204,42,10460.99268,10789.5
2020/10/06,4.87804,0.25,18688.51074,-0.0504,7.00E-05,47,10547.95751,10602.6
2020/10/07,4.87804,0.25,18694.29703,-0.09815,-0.0111,43,10582.45794,10670.9
2020/10/08,0,0.25,18700.08332,0.0024,-0.06728,46,10662.40594,10924.1
2020/10/09,4.06504,0.25,18705.86962,-0.014222222,0.056866667,48,10730.15657,11054.2
2020/10/10,5.0813,0.25,18711.65591,0.0874,0.26137,53,10827.07309,11298.4
2020/10/11,5.8943,0.25,18717.4422,-0.01417,0.01553,55,10922.79913,11371
2020/10/12,6.91056,0.25,18747.6,0.125755556,0.138177778,52,11088.33973,11533.9
2020/10/13,4.47154,0.25,18729.01478,0.09357,0.1264,56,11266.97685,11423.8
2020/10/14,3.65853,0.25,18734.80107,0.02527,0.10945,53,11387.20793,11420.4
2020/10/15,1.62601,0.25,18740.58736,-0.05886,-0.04001,56,11546.45274,11503
2020/10/16,6.50406,0.25,18746.37365,-0.01102,-0.04916,52,11684.84006,11322
2020/10/17,6.09756,0.25,18752.15994,-0.1153,0.42234,56,11842.93168,11362.1
2020/10/18,7.11382,0.25,18757.94624,0.27863,0.12338,55,11988.95014,11506.9
2020/10/19,6.50406,0.25,18763.1,-0.16858,0.0949,55,12193.99794,11753.4
2020/10/20,5.8943,0.25,18769.51882,0.1142,0.21817,56,12400.21371,11913.5
2020/10/21,4.06504,0.25,18775.30511,0.10196,0.20666,61,12535.10337,12808.7
2020/10/22,4.47154,0.25,18781.0914,0.14942,0.16555,73,12697.46895,12974.6
2020/10/23,6.50406,0.25,18786.87769,0.02683,0.14537,74,12827.2445,12934.1
2020/10/24,9.95934,0.25,18792.66398,0.08243,0.29913,73,12966.31873,13117.2
2020/10/25,4.67479,0.25,18798.45027,0.01348,0.18914,76,13083.65375,13032.2
2020/10/26,6.30081,0.25,18782.7,-0.01813,0.26714,75,13252.57605,13061.6
2020/10/27,8.73983,0.25,18810.02285,0.10882,0.33988,61,13416.10666,13657.8
2020/10/28,7.11382,0.25,18815.80915,0.08996,0.04453,70,13502.62049,13278.9
2020/10/29,6.30081,0.25,18821.59544,0.020655556,0.231611111,67,13690.82062,13457.2
2020/10/30,5.4878,0.25,18827.38173,-0.00619,0.12578,74,13845.52991,13559.9
2020/10/31,6.91056,0.25,18833.16802,-0.04827,0.28644,73,14011.16105,13797.3
2020/11/01,7.31707,0.25,18838.95431,0.153266667,0.432488889,72,14157.58281,13759.4
2020/11/02,7.92682,0.25,18834.7,0.05442,0.10975,71,14362.42044,13561.4
2020/11/03,11.78861,0.25,18850.52689,-0.0771,0.259711111,71,14568.49932,14019.9
2020/11/04,7.31707,0.25,18856.31318,-0.00517,0.1096,74,14701.74103,14145.6
2020/11/05,3.45528,0.25,18862.09947,0.08667,0.24229,72,14869.51819,15587.1
2020/11/06,7.92682,0.25,18867.88576,0.07426,-0.03765,90,15010.37594,15577.9
2020/11/07,9.55284,0.25,18873.67206,-0.028733333,0.257133333,88,15171.36405,14828.4
2020/11/08,29.26829,0.25,18879.45835,0.0335375,0.1037375,82,15320.82103,15483.7
2020/11/09,16.26016,0.25,18996.4,-0.059411111,0.0003,90,15539.83592,15327.2
2020/11/10,11.58536,0.25,18891.03093,0.05829,0.02921,90,15767.56519,15303.6
2020/11/11,9.34959,0.25,18896.81722,0.012377778,0.213822222,86,15925.1442,15695.8
2020/11/12,11.17886,0.25,18902.60351,0.148077778,0.181033333,87,16123.72731,16294.7
2020/11/13,11.99186,0.25,18908.3898,-0.03606,0.25753,89,16297.05927,16324.2
2020/11/14,12.80487,0.25,18914.17609,0.00073,-0.01603,90,16492.42543,16071
2020/11/15,12.39837,0.25,18919.96238,-0.07418,0.06535,86,16674.42048,15953
2020/11/16,9.14634,0.25,19032.9,0.0919,0.245211111,90,16925.65843,16715.8
2020/11/17,14.22764,0.25,18931.53497,-0.12499,-0.02639,86,17180.04384,17662.3
2020/11/18,9.34959,0.25,18937.32126,0.04012,-0.18924,91,17352.77143,17774.6
2020/11/19,7.52032,0.25,18943.10755,0.03182,0.03943,94,17558.113,17803.5
2020/11/20,9.75609,0.25,18948.89384,-0.03182,0.19126,86,17724.88703,18675.2
2020/11/21,17.47967,0.25,18954.68013,0.041925,-0.0250875,91,17901.05933,18687.2
2020/11/22,12.60162,0.25,18960.46642,0.1111,0.05946,94,18048.5118,18412.9
2020/11/23,16.05691,0.25,19042.8,-0.05876,0.13321,90,18252.99724,18379.6
2020/11/24,10.5691,0.25,18972.039,-0.11462,0.14093,88,18445.34272,19152.6
2020/11/25,9.55284,0.25,18977.82529,-0.05686,0.05855,94,18537.49561,18723
2020/11/26,8.13008,0.25,18983.61158,0.05597,0.03738,93,18649.99722,17162
2020/11/27,8.33333,0.25,18989.39788,-0.1375625,-0.0349125,86,18710.27247,17127.1
2020/11/28,10.1626,0.25,18995.18417,0.026285714,0.473442857,87,18770.7874,17730.7
2020/11/29,9.14634,0.25,19000.97046,-0.01301,0.18699,89,18794.71025,18185.5
2020/11/30,8.33333,0.25,18919.4,-0.042422222,0.244677778,88,18874.99274,19698.1
2020/12/01,6.09756,0.25,19012.54304,0.105477778,0.077455556,95,18943.37927,18770.7
2020/12/02,7.72357,0.25,19018.32933,0.142466667,0.216222222,92,18912.36902,19218.8
2020/12/03,7.72357,0.25,19024.11562,0.06365,0.08797,92,18912.24523,19433.3
2020/12/04,6.50406,0.25,19029.90191,0.0252875,0.1265625,92,18872.05774,18658.1
2020/12/05,9.75609,0.25,19035.6882,0.0245,0.1914,93,18851.21729,19146.5
2020/12/06,11.58536,0.25,19041.4745,0.06647,0.26825,95,18815.94056,19379.9
2020/12/07,22.56097,0.25,19137,-0.05736,0.1848,94,18867.36458,19170.7
2020/12/08,13.82113,0.25,19053.04708,0.05814,0.09283,95,18938.28695,18326.6
2020/12/09,11.99186,0.25,19058.83337,0.108877778,0.143088889,86,18940.99073,18546
2020/12/10,11.78861,0.25,19064.61966,-0.043288889,0.110466667,94,19013.80022,18247.2
2020/12/11,14.22764,0.25,19070.40595,0.107814286,0.213028571,89,19084.75281,18023.6
2020/12/12,12.80487,0.25,19076.19224,0.063544444,0.361855556,90,19216.65372,18808.9
2020/12/13,13.00813,0.25,19081.97853,-0.05658,-0.00525,91,19374.35597,19176.8
2020/12/14,12.19512,0.25,19202.6,0.10268,0.21151,95,19661.98586,19273.8
2020/12/15,12.39837,0.25,19093.55111,0.06357,0.20271,91,20007.51803,19434.9
2020/12/16,11.99186,0.25,19099.33741,0.02779,0.17924,92,20316.59096,21352.2
2020/12/17,25.813,0.25,19105.1237,0.10616,0.09732,92,20728.73806,22825.4
2020/12/18,21.54471,0.25,19110.90999,0.03206,0.30527,95,21163.91564,23127.9
2020/12/19,16.86991,0.25,19116.69628,0.09866,-0.01125,93,21681.19853,23844
2020/12/20,17.47967,0.25,19122.48257,0.0817,0.271311111,92,22237.0846,23474.9
2020/12/21,19.10569,0.25,19101.1,-0.12085,0.04979,92,22932.0252,22728.5
2020/12/22,16.86991,0.25,19134.05515,0.012633333,0.020744444,88,23683.0281,23823.2
2020/12/23,13.82113,0.25,19139.84144,0.07606,0.35034,93,24383.64989,23257.9
2020/12/24,46.34146,0.25,19145.62773,0.00232,0.15092,86,25170.07725,23736.5
2020/12/25,45.7317,0.25,19151.41402,0.07931,0.10674,94,25950.66869,24689.6
2020/12/26,32.92682,0.25,19157.20032,0.23239,0.1101,93,26778.42687,26454.4
2020/12/27,31.50406,0.25,19162.98661,0.171628571,0.143685714,91,27600.43723,26261.3
2020/12/28,36.17886,0.25,18977.7,-0.08321,-0.08128,92,28513.78266,27057.8
2020/12/29,43.29268,0.25,19174.55919,-0.048877778,0.0046,91,29426.22017,27376
2020/12/30,36.99186,0.25,19180.34548,0.209716667,0.162033333,91,30222.36074,28868.7
2020/12/31,28.45528,0.25,19186.13177,0.018144444,0.450088889,95,31039.57398,28949.4
2021/01/01,57.31707,0.25,19191.91806,-0.097088889,0.258733333,94,31780.47962,29359.9
2021/01/02,53.86178,0.25,19197.70435,0.03543,0.07987,94,32499.0956,32193.3
2021/01/03,34.55284,0.25,19203.49064,0.2349125,0.230075,93,33141.27464,32958.9
2021/01/04,31.30081,0.25,19081,-0.04874,-0.04908,94,33809.83451,32022.6
2021/01/05,27.03252,0.25,19215.06323,0.11985,0.23659,93,34413.1107,33991.5
2021/01/06,20.3252,0.25,19220.84952,0.02339,0.24235,95,34837.10132,36793.2
2021/01/07,20.12195,0.25,19226.63581,0.16602,0.00379,91,35230.95352,39460.2
2021/01/08,20.12195,0.25,19232.4221,0.07456,0.05269,93,35502.14954,40599.3
2021/01/09,21.13821,0.25,19238.20839,0.03853,0.20959,93,35716.06834,40151.9
2021/01/10,19.10569,0.25,19243.99468,-0.09981,0.07077,94,35827.15739,38192.2
2021/01/11,22.35772,0.25,19453.9,0.08267,-0.12445,90,35953.02228,35544.3
2021/01/12,33.53658,0.25,19255.56726,-0.04972,0.03308,84,36010.61251,34076.1
2021/01/13,17.27642,0.25,19261.35355,0.02458,-0.15957,78,35894.10851,37382.2
2021/01/14,17.07317,0.25,19267.13984,0.005411111,-0.118833333,83,35769.7932,39175.7
2021/01/15,15.44715,0.25,19272.92614,-0.064955556,0.234388889,88,35553.76774,36845.8
2021/01/16,17.27642,0.25,19278.71243,-0.19582,-0.02494,84,35324.79886,36019.5
2021/01/17,20.93495,0.25,19284.49872,0.02061,0.08244,79,35046.13893,35839.6
2021/01/18,18.08943,0.25,19470,-0.180688889,0.087766667,79,34848.53204,36613.2
2021/01/19,25.60975,0.25,19296.0713,-0.053033333,0.10795,80,34654.03602,36002.9
2021/01/20,21.34146,0.25,19301.85759,-0.13368,0.03421,78,34359.70138,35476.3
2021/01/21,17.27642,0.25,19307.64388,0.01034,-0.09333,75,34141.9242,30842.1
2021/01/22,16.46341,0.25,19313.43017,-0.041155556,0.059611111,40,33916.83244,33000.5
2021/01/23,15.85365,0.25,19319.21646,0.07787,-0.15676,74,33766.60158,32088.9
2021/01/24,17.68292,0.25,19325.00276,-0.244022222,-0.013377778,70,33652.14326,32241.3
2021/01/25,18.08943,0.25,19419.6,0.111255556,-0.079766667,74,33705.28089,32252.3
2021/01/26,11.99186,0.25,19336.57534,0.02583,0.05152,71,33840.48748,32502.1
2021/01/27,13.21138,0.25,19342.36163,-0.0019,0.06109,78,33944.65615,30404
2021/01/28,13.82113,0.25,19348.14792,-0.13729,-0.0693,55,34191.24604,33374.8
2021/01/29,27.03252,0.25,19353.93421,-0.11472,0.17449,77,34483.65588,34301.8
2021/01/30,92.68292,0.25,19359.7205,-0.24557,-0.17719,76,34895.32065,34283.1
2021/01/31,42.88617,0.25,19365.50679,-0.103055556,0.0269,78,35373.57039,33108.1
2021/02/01,27.23577,0.25,19417.7,0.231328571,0.134371429,77,36041.2571,33515.7
2021/02/02,31.09756,0.25,19377.07937,0.150488889,0.236888889,76,36796.66338,35485.2
2021/02/03,27.43902,0.25,19382.86567,0.09645,0.24186,78,37509.5856,37646.8
2021/02/04,27.23577,0.25,19388.65196,-0.00451,0.17883,80,38345.45447,36982.1
2021/02/05,34.75609,0.25,19394.43825,-0.08397,-0.05083,81,39191.83215,38297.6
2021/02/06,28.86178,0.25,19400.22454,0.04336,-0.00784,84,40112.37803,39256.6
2021/02/07,60.9756,0.25,19406.01083,-0.028588889,0.008288889,86,41041.91391,38852.9
2021/02/08,50.60975,0.25,19411.79712,0.15066,0.16771,83,42097.48589,46395.7
2021/02/09,39.43089,0.25,19417.58341,0.04268,0.36639,95,43166.3748,46508.6
2021/02/10,67.07317,0.25,19423.3697,0.07018,0.29339,92,44108.37157,44836
2021/02/11,51.82926,0.25,19429.15599,0.10267,0.03757,93,45089.70341,47990.7
2021/02/12,72.96747,0.25,19434.94228,0.1276125,0.1283375,92,45992.44113,47371.7
2021/02/13,91.86991,0.25,19440.72858,0.01284,0.2418,92,46882.08122,47168.7
2021/02/14,61.99186,0.25,19446.51487,-0.01382,0.0872,95,47693.53194,48643.4
2021/02/15,51.62601,0.25,19452.30116,-0.002111111,0.088777778,93,48551.29895,47936.3
2021/02/16,46.95121,0.25,19458.08745,0.127188889,0.118522222,95,49345.26847,49169.7
2021/02/17,27.64227,0.25,19463.87374,0.0092,0.12752,95,49938.83679,52079.2
2021/02/18,32.11382,0.25,19469.66003,0.06973,0.17701,91,50512.30326,51582.2
2021/02/19,29.87804,0.25,19475.44632,0.30916,0.2011,93,50954.85741,55906.6
2021/02/20,35.5691,0.25,19481.23261,0.16554,0.13736,91,51345.46383,55923.7
2021/02/21,29.67479,0.25,19487.0189,0.09639,0.20044,91,51629.48066,57433.8
2021/02/22,25.60975,0.25,19492.80519,-0.06692,0.0027,94,51947.7132,54111.8
2021/02/23,22.35772,0.25,19498.59149,0.199055556,0.290644444,94,52199.75342,48911.2
2021/02/24,17.47967,0.25,19504.37778,0.074444444,0.230822222,76,52257.79216,49697.5
2021/02/25,17.68292,0.25,19510.16407,-0.13176,0.14302,79,52319.35721,46928.5
2021/02/26,25.813,0.25,19515.95036,-0.09851,-0.01842,55,52281.81122,46345.6
2021/02/27,26.82926,0.25,19521.73665,-0.044133333,0.166866667,56,52236.52495,46136.7
2021/02/28,22.56097,0.25,19527.52294,-0.00162,0.24595,55,52136.16864,45164
2021/03/01,27.64227,0.25,19533.30923,-0.00447,0.01755,38,52132.728,49595.5
2021/03/02,26.42276,0.25,19539.09552,0.085455556,0.099188889,78,52128.54565,48424.2
2021/03/03,23.37398,0.25,19544.88181,0.00397,0.28136,78,51996.00902,50395.1
2021/03/04,34.55284,0.25,19550.6681,-0.04561,-0.06643,84,51939.86874,48428
2021/03/05,47.56097,0.25,19556.4544,0.03614,0.04157,77,51854.51824,48792.5
2021/03/06,42.27642,0.25,19562.24069,-0.07096,0.15971,77,51831.75511,48855.6
2021/03/07,28.04878,0.25,19568.02698,0.0288,0.130744444,76,51819.06552,50982.3
2021/03/08,32.31707,0.25,19573.81327,-0.077266667,0.419411111,81,51966.9346,52311
2021/03/09,28.25203,0.25,19579.59956,0.1156125,0.0844,81,52167.92511,54879
2021/03/10,22.96747,0.25,19585.38585,0.0388,0.0982125,68,52282.57026,55851.9
2021/03/11,22.76422,0.25,19591.17214,-0.00163,-0.04998,73,52511.58687,57799.5
2021/03/12,26.21951,0.25,19596.95843,0.05464,0.09418,70,52736.22825,57265.1
2021/03/13,34.55284,0.25,19602.74472,0.00518,0.20578,74,53039.89404,61195.3
2021/03/14,33.94308,0.25,19608.53101,0.07303,0.2051,78,53357.63056,59113.7
2021/03/15,39.63414,0.25,19614.31731,0.16981,0.24676,76,53832.91471,55791.3
2021/03/16,27.03252,0.25,19620.1036,0.1562,0.2674,71,54344.90067,56889.7
2021/03/17,18.29268,0.25,19625.88989,0.08147,0.18627,71,54740.5968,58913.5
2021/03/18,21.54471,0.25,19631.67618,-0.035011111,0.184111111,72,55216.99928,57656
2021/03/19,25.4065,0.25,19637.46247,-0.11543,0.04286,71,55644.48973,58088
2021/03/20,28.65853,0.25,19643.24876,0.00119,0.06426,75,56102.21216,58093.4
2021/03/21,29.06504,0.25,19649.03505,-0.045,0.0704,73,56518.65717,57383.8
2021/03/22,30.0813,0.25,19654.82134,0.027266667,0.0431,70,57037.74071,54158.3
2021/03/23,37.80487,0.25,19660.60763,0.00021,0.39243,66,57533.99838,54452.5
2021/03/24,26.82926,0.25,19666.39393,0.04404,0.35755,65,57850.7908,52325.4
2021/03/25,26.62601,0.25,19672.18022,-0.063825,0.0673875,60,58192.0737,51322.3
2021/03/26,38.82113,0.25,19677.96651,0.09093,0.24239,54,58428.53615,55036.1
2021/03/27,44.51219,0.25,19683.7528,0.09286,0.25803,65,58646.42865,55862.9
2021/03/28,66.26016,0.25,19689.53909,0.025911111,0.150011111,74,58778.91226,55765.2
2021/03/29,60.1626,0.25,19695.32538,0.09095,0.39822,72,58981.11892,57616.2
2021/03/30,45.93495,0.25,19701.11167,0.29497,0.18954,72,59132.99475,58771.3
2021/03/31,34.95934,0.25,19706.89796,0.1366625,0.4009375,76,59083.25763,58763.7
2021/04/01,29.06504,0.25,19712.68425,0.18782,0.26116,74,59050.55784,58718.3
2021/04/02,34.55284,0.25,19718.47054,0.11817,0.13508,74,58912.14789,58977.3
2021/04/03,43.29268,0.25,19724.25684,0.25956,0.24318,73,58765.99509,57059.9
2021/04/04,48.17073,0.25,19730.04313,0.139077778,0.116455556,74,58552.7759,58199.9
2021/04/05,51.42276,0.25,19735.82942,0.05106,0.05906,71,58439.84838,58993.4
2021/04/06,50,0.25,19741.61571,-0.03268,0.06798,75,58311.72652,57996.3
2021/04/07,34.55284,0.25,19747.402,0.03848,0.08793,72,58019.82436,55948.7
2021/04/08,49.59349,0.25,19753.18829,-0.12876,-0.01033,73,57793.09232,58077.4
2021/04/09,48.98373,0.25,19758.97458,0.20573,0.10815,70,57509.35196,58118.7
2021/04/10,64.63414,0.25,19764.76087,0.185,0.1664,70,57270.87096,59748.4
2021/04/11,51.21951,0.25,19770.54716,0.07073,0.1732,76,57017.21969,59978.7
2021/04/12,55.0813,0.25,19776.33345,0.00829,0.09355,74,56918.40591,59863.8
2021/04/13,91.66666,0.25,19782.11975,0.11106,0.18056,74,56853.25619,63540.9
2021/04/14,58.73983,0.25,19787.90604,0.07453,0.16152,75,56665.24075,62980.4
2021/04/15,36.78861,0.25,19793.69233,0.0424,0.23655,79,56582.88954,63216
2021/04/16,53.65853,0.25,19799.47862,-0.03342,-0.01577,78,56474.09736,61379.7
2021/04/17,46.13821,0.25,19805.26491,0.08712,0.03873,76,56435.45936,60041.9
2021/04/18,41.26016,0.25,19811.0512,-0.11714,-0.15802,79,56396.27285,56207.1
2021/04/19,44.10569,0.25,19816.83749,0.03095,0.24054,74,56521.09351,55646.1
2021/04/20,23.78048,0.25,19822.62378,0.043611111,0.027488889,73,56676.25312,56483.2
2021/04/21,26.82926,0.25,19828.41007,0.12597,-0.11737,73,56691.95754,53820.2
2021/04/22,23.98373,0.25,19834.19636,0.07083,0.14112,65,56792.63302,51729.5
2021/04/23,28.65853,0.25,19839.98266,0.10199,0.19595,55,56834.30622,51143.6
2021/04/24,31.09756,0.25,19845.76895,-0.0461,0.36777,37,56907.75636,50088.9
2021/04/25,28.04878,0.25,19851.55524,0.0402,0.0899,31,56933.66792,48963.6
2021/04/26,34.14634,0.25,19857.34153,0.11728,0.34785,27,57074.56454,54020.5
2021/04/27,24.59349,0.25,19863.12782,0.02417,0.1197,50,57189.37031,55036.5
2021/04/28,23.17073,0.25,19868.91411,-0.09041,0.3102,59,57101.6424,54841.4
2021/04/29,25,0.25,19874.7004,0.10161,0.06568,52,57039.66743,53560.8
2021/04/30,30.0813,0.25,19880.48669,0.04677,0.06969,51,56856.69954,57720.3
2021/05/01,31.70731,0.25,19886.27298,-0.050344444,0.175855556,68,56647.68175,57807.1
2021/05/02,28.65853,0.25,19892.05927,0.091288889,0.174111111,66,56335.27871,56603.8
2021/05/03,54.87804,0.25,19897.84557,0.09807,0.32372,61,56090.90146,57169.8
2021/05/04,41.05691,0.25,19903.63186,0.07756,0.17173,68,55777.01736,53741.5
2021/05/05,19.10569,0.25,19909.41815,0.23492,0.18035,48,55221.22275,57441.3
2021/05/06,22.35772,0.25,19915.20444,0.020477778,0.255877778,65,54665.80278,56405.4
2021/05/07,59.55284,0.25,19920.99073,0.1175,0.3046,64,53970.55718,57337.2
2021/05/08,41.26016,0.25,19926.77702,0.046075,0.3172125,67,53242.84352,58840.1
2021/05/09,65.04065,0.25,19932.56331,0.05029,0.34328,73,52414.27294,58238.3
2021/05/10,100,0.25,19938.3496,0.1149,0.326055556,72,51670.64399,55848.9
2021/05/11,53.25203,0.25,19944.13589,0.02522,0.18678,61,50881.86012,56695.7
2021/05/12,46.95121,0.25,19949.92219,0.0531,0.10992,68,49881.74492,49384.2
2021/05/13,41.66666,0.25,19955.70848,-0.05813,-0.12569,31,48927.01433,49704.6
2021/05/14,66.26016,0.25,19961.49477,0.01173,0.13932,26,47882.68605,49839.8
2021/05/15,59.55284,0.25,19967.28106,0.07513,0.22188,27,46865.48781,46708.8
2021/05/16,41.26016,0.25,19973.06735,-0.01919,-0.11647,20,45811.3042,46426.4
2021/05/17,39.02439,0.25,19978.85364,-0.034255556,0.097077778,27,44914.1505,43541.3
2021/05/18,35.1626,0.25,19984.63993,-0.06648,0.06238,21,44043.86685,42897.3
2021/05/19,33.94308,0.25,19990.42622,-0.13286,0.04934,23,43031.87897,36720.5
2021/05/20,30.4878,0.25,19996.21251,-0.09246,0.11811,11,42139.81315,40717.2
2021/05/21,34.34959,0.25,20001.9988,-0.06878,0.13938,19,41227.74088,37297.4
2021/05/22,36.38211,0.25,20007.7851,0.09176,-0.00898,12,40411.21767,37448.3
2021/05/23,23.17073,0.25,20013.57139,0.09565,0.14852,14,39619.75334,34679.7
2021/05/24,25.20325,0.25,20019.35768,0.04457,0.15748,10,39045.09714,38750.6
2021/05/25,29.47154,0.25,20025.14397,-0.17844,-0.06571,22,38546.97216,38378.3
2021/05/26,23.17073,0.25,20030.93026,-0.25978,-0.05862,22,37945.02955,39249.2
2021/05/27,25.4065,0.25,20036.71655,-0.109266667,0.1324,27,37497.33292,38417.3
2021/05/28,24.39024,0.25,20042.50284,-0.302622222,0.0792,21,37051.63729,35662.5
2021/05/29,33.53658,0.25,20048.28913,-0.2393,0.11326,18,36716.22518,34584.6
2021/05/30,28.04878,0.25,20054.07542,-0.1229,0.07237,10,36409.53062,35652.8
2021/05/31,29.26829,0.25,20059.86171,0.00366,0.19019,18,36317.82663,37298.6
2021/06/01,25,0.25,20065.64801,-0.00069,0.07091,20,36289.04968,36687.6
2021/06/02,18.29268,0.25,20071.4343,-0.093688889,0.112422222,23,36130.95575,37555.8
2021/06/03,16.66666,0.25,20077.22059,-0.1343,0.03141,24,36099.44129,39187.3
2021/06/04,23.57723,0.25,20083.00688,-0.02426,-0.20707,27,36032.78416,36851.3
2021/06/05,22.96747,0.25,20088.79317,0.01347,0.15203,24,36036.16822,35520
2021/06/06,20.52845,0.25,20094.57946,0.12401,0.03254,17,36022.31927,35815.4
2021/06/07,20.12195,0.25,20100.36575,-0.036,0.18885,15,36178.42501,33578
2021/06/08,17.68292,0.25,20106.15204,-0.04668,0.14546,13,36347.85657,33382.9
2021/06/09,13.61788,0.25,20111.93833,0.03482,0.17336,14,36334.31646,37332.2
2021/06/10,19.10569,0.25,20117.72462,0.125555556,0.273566667,21,36399.77513,36649.4
2021/06/11,28.04878,0.25,20123.51092,-0.02767,0.04467,21,36381.44859,37314.6
2021/06/12,43.69918,0.25,20129.29721,-0.00162,0.18204,28,36389.78781,35467.5
2021/06/13,36.58536,0.25,20135.0835,0.01015,0.10687,23,36339.91124,39022.9
2021/06/14,20.93495,0.25,20140.86979,0.12195,0.55782,28,36427.55545,40529.4
2021/06/15,17.88617,0.25,20146.65608,0.08939,0.25016,38,36498.51127,40156.1
2021/06/16,17.68292,0.25,20152.44237,-0.035277778,0.092766667,33,36358.60473,38336
2021/06/17,13.21138,0.25,20158.22866,-0.01119,0.12591,26,36281.11787,38052
2021/06/18,15.85365,0.25,20164.01495,-0.02811,0.08517,25,36106.40216,35749.4
2021/06/19,20.3252,0.25,20169.80124,-0.01271,0.13176,23,35953.26424,35513.4
2021/06/20,12.80487,0.25,20175.58753,-0.16966,0.05946,21,35741.15958,35595.8
2021/06/21,13.00813,0.25,20181.37383,-0.04962,-0.00767,23,35675.17213,31692
2021/06/22,15.6504,0.25,20187.16012,-0.06383,-0.004,10,35603.19525,32496.4
2021/06/23,10.5691,0.25,20192.94641,0.02469,0.00526,14,35331.80639,33674.3
2021/06/24,10.5691,0.25,20198.7327,-0.11453,-0.00798,22,35143.26037,34665.8
2021/06/25,11.99186,0.25,20204.51899,0.02021,0.09853,27,34877.85078,31594
2021/06/26,11.78861,0.25,20210.30528,-0.05628,0.28434,20,34658.82408,32243.4
2021/06/27,5.90909,0.25,20216.09157,0.002188889,0.205566667,22,34405.48195,34678.5
2021/06/28,7.0909,0.25,20221.87786,0.00501,0.02753,25,34327.34727,34475.9
2021/06/29,9.0909,0.25,20227.66415,-0.0112,0.12728,25,34269.25281,35834.7
2021/06/30,5.72727,0.25,20233.45045,-0.010833333,0.151933333,28,34033.27236,35026.9
2021/07/01,5.81818,0.25,20239.23674,0.08167,0.32706,28,33905.44442,33543.6
2021/07/02,7,0.25,20245.02303,-0.1155,-0.14996,21,33721.02987,33813.4
2021/07/03,4.72727,0.25,20250.80932,0.14638,0.03345,24,33603.08905,34742.8
2021/07/04,4.72727,0.25,20256.59561,0.13334,0.16466,27,33466.60965,35298.2
2021/07/05,5.36363,0.25,20262.3819,0.222,0.0019,29,33521.95583,33687.8
2021/07/06,5.27272,0.25,20268.16819,-0.01142,0.21319,20,33607.93842,34225.6
2021/07/07,-1.119692781,0.25,20388.55739,0.077948119,0.093967823,14.46487833,33519.85235,33886
2021/07/08,-0.783457321,0.25,20393.27218,0.079045883,0.078697802,14.08648458,33545.95566,32873.9
2021/07/09,11.19131421,0.25,20397.86809,0.119700457,0.064175391,13.0597417,33515.6239,33769
2021/07/10,16.03715296,0.25,20402.31594,0.112388828,0.086487358,13.52095118,33551.56679,33506
2021/07/11,13.81301429,0.25,20406.58704,0.126502335,0.067313193,13.02827531,33564.93687,34239
2021/07/12,16.53338134,0.25,20410.6545,0.16117216,0.081852413,12.61169171,33767.99704,33090
2021/07/13,13.76942368,0.25,20414.49442,0.171252139,0.093232628,12.69293317,33995.09143,32727
