date,y,glmnet_pred,xgb_pred,svmpoly_pred,DNN_predict
2019/10/20,8223.4,8744.621706,8502.219727,7480.746026,8877.585
2019/10/21,8208.2,8762.768527,8330.371094,7489.925688,8951.575
2019/10/22,8031.4,8966.877646,8476.332031,7560.771822,9104.493
2019/10/23,7477,8788.550337,8421.660156,7338.35123,8901.633
2019/10/24,7422.7,8558.645245,7776.833008,6875.579248,8621.645
2019/10/25,8658.3,8609.855851,8180.163086,7020.801459,8711.649
2019/10/26,9230.6,9252.638124,8854.40918,8076.786704,9539.378
2019/10/27,9529.6,9185.091379,8937.46582,7968.30016,9458.013
2019/10/28,9207.2,9257.763139,8893.082031,8046.468777,9561.437
2019/10/29,9411.3,9353.080309,9005.038086,8118.565313,9652.071
2019/10/30,9157.9,9416.642722,8958.758789,8077.117186,9634.002
2019/10/31,9152.6,9499.50645,8960.523438,8415.979559,9748.421
2019/11/01,9230.1,9272.889192,8891.112305,8381.343971,9617.991
2019/11/02,9300.6,9350.563852,8817.651367,8446.000852,9704.175
2019/11/03,9198.3,9456.622773,8544.726563,8609.582391,9788.669
2019/11/04,9396.4,9271.687838,8528.594727,8372.868554,9565.949
2019/11/05,9310.8,9328.380078,8591.25,8548.467645,9676.091
2019/11/06,9338.9,9363.06683,8627.324219,8502.980365,9637.287
2019/11/07,9223.5,9383.604509,8585.851563,8538.3294,9666.505
2019/11/08,8778.2,8995.374382,8203.538086,8122.166038,9234.822
2019/11/09,8804.5,8856.259376,8270.301758,7982.978501,9072.948
2019/11/10,9036.8,8746.811812,8123.165527,8012.932716,8971.914
2019/11/11,8736.9,8788.205193,8149.325684,8054.576136,9093.081
2019/11/12,8812.6,8699.813797,8217.78418,8016.569113,9002.954
2019/11/13,8783.1,8759.701879,8403.399414,7980.89401,9017.447
2019/11/14,8661.2,8799.400306,8352.589844,8077.496564,9007.739
2019/11/15,8476.3,8564.334873,8351.285156,7974.265586,8848.327
2019/11/16,8497.3,8610.559738,8186.531738,8071.868716,8896.597
2019/11/17,8509.8,8506.779921,8283.068359,7966.112534,8787.911
2019/11/18,8208.4,8475.259398,8201.738281,7970.826506,8778.448
2019/11/19,8145.7,8418.148414,8457.81543,7768.175877,8606.773
2019/11/20,8099.3,8414.576479,8332.560547,7756.744684,8553.298
2019/11/21,7627.9,8277.612443,8381.089844,7686.323467,8418.327
2019/11/22,7272.5,7920.967853,7524.335938,7332.114274,8052.114
2019/11/23,7324.1,7923.770093,7877.419434,7433.406229,8055.7344
2019/11/24,6924.7,7832.171488,7593.205566,7358.98772,7979.575
2019/11/25,7115.6,7647.444366,7491.52832,7220.880994,7793.03
2019/11/26,7162.8,7739.16707,7618.915527,7352.266631,7888.702
2019/11/27,7510.6,7631.110079,7442.807617,7315.27307,7749.241
2019/11/28,7426.7,7866.975044,8272.233398,7719.77351,8024.8765
2019/11/29,7742.7,7687.194861,7586.631348,7683.686124,7892.298
2019/11/30,7546.6,7723.23974,7367.56543,7908.931825,7963.8765
2019/12/01,7396.4,7287.718553,6923.748047,7457.422008,7439.463
2019/12/02,7298.2,7237.317286,6989.250977,7563.93604,7456.809
2019/12/03,7291.8,7194.412124,6744.526367,7542.410115,7370.8394
2019/12/04,7204.4,7056.670793,6434.725586,7391.601136,7157.4326
2019/12/05,7399.2,6828.387254,6451.672852,7277.480014,6921.0293
2019/12/06,7530.8,6839.59278,6397.342773,7564.681158,7016.6216
2019/12/07,7510.9,6764.222029,5926.11084,7653.177078,6997.1016
2019/12/08,7524.4,6542.250818,5689.879395,7510.37897,6756.048
2019/12/09,7355.8,6654.143832,5954.293457,7640.714231,6838.5967
2019/12/10,7235.7,6454.799251,6026.390625,7426.002509,6594.9033
2019/12/11,7208,6194.314534,5983.633301,7211.264843,6328.173
2019/12/12,7208,6201.83019,6002.444824,7307.469541,6313.6836
2019/12/13,7255.2,6013.565969,5850.041992,7270.254513,6191.509
2019/12/14,7080.8,6197.320776,5968.611328,7443.826269,6355.6904
2019/12/15,7128.5,6150.769404,6032.529297,7235.391207,6270.7363
2019/12/16,6903.5,6174.202389,5926.862305,7354.261751,6393.3345
2019/12/17,6613.3,6293.077446,6180.956543,7311.388131,6403.104
2019/12/18,7276,6197.606043,6004.047852,7043.084047,6320.8086
2019/12/19,7165.5,6454.196592,6041.344727,7262.334188,6547.488
2019/12/20,7196.4,6552.833402,6093.371582,7338.403436,6697.6094
2019/12/21,7156.2,6676.644785,6029.263672,7354.945348,6826.575
2019/12/22,7495.8,6804.2691,6554.403809,7252.85546,6910.708
2019/12/23,7322.8,7305.274378,6528.489258,7729.244177,7496.3325
2019/12/24,7268.3,7241.333707,6934.907227,7464.008805,7400.339
2019/12/25,7224.8,7340.482657,6862.822754,7366.084912,7483.5405
2019/12/26,7210.9,7957.637945,8254.373047,7964.697769,8150.458
2019/12/27,7261.7,8098.005535,8363.716797,7944.351782,8318.466
2019/12/28,7321.5,8202.262327,8399.342773,7925.080795,8424.618
2019/12/29,7397.5,8301.699269,8218.84375,7934.736626,8639.628
2019/12/30,7261.8,8542.701669,8175.202148,8061.917777,8924.892
2019/12/31,7196.4,8869.334061,8322.583008,7994.547867,9109.248
2020/01/01,7199.8,8969.616744,8416.526367,7968.665661,9202.074
2020/01/02,6967,9189.682475,8614.019531,8044.204076,9400.131
2020/01/03,7343.1,9268.69383,9126.431641,8015.336989,9459.331
2020/01/04,7376.8,9410.604754,9134.249023,8031.080765,9662.55
2020/01/05,7372.5,9406.059887,9082.414063,8073.498809,9745.01
2020/01/06,7759.1,9666.422551,9714.155273,8147.589797,9962.468
2020/01/07,8155.7,9761.119009,9801.257813,8120.09596,10029.724
2020/01/08,8059.6,10090.83833,10214.55176,8486.495719,10361.763
2020/01/09,7842.4,9859.746524,9987.106445,8263.413091,10201.482
2020/01/10,8187.1,9836.385654,9874.706055,8154.912815,10102.689
2020/01/11,8024.1,10154.15467,10157.10645,8458.316289,10411.71
2020/01/12,8187.6,9915.244486,9892.488281,8282.891054,10186.838
2020/01/13,8111.4,9996.286612,10086.31055,8426.028464,10281.141
2020/01/14,8829.2,10227.7229,10009.45508,8655.151287,10488.132
2020/01/15,8818.3,10031.09483,9980.208008,8586.810163,10345.011
2020/01/16,8726.9,9928.500766,9624.663086,8614.972652,10269.013
2020/01/17,8913.1,9780.752895,9510.179688,8568.39784,10099.003
2020/01/18,8916.3,9592.972828,9010.40918,8468.538743,9953.94
2020/01/19,8706.2,9463.647541,8800.237305,8523.913049,9844.716
2020/01/20,8641.9,9266.164524,8520.912109,8351.045097,9629.497
2020/01/21,8732.6,9267.083259,8474.854492,8388.023716,9627.394
2020/01/22,8678.5,9283.195639,8431.771484,8471.726666,9586.114
2020/01/23,8405.1,9040.116689,8399.836914,8366.594998,9364.969
2020/01/24,8439.9,8694.93871,8170.783203,8052.22584,8977.399
2020/01/25,8341.6,8648.313425,8357.228516,8085.667187,8923.858
2020/01/26,8607.8,8620.518185,8223.018555,8112.519575,8911.026
2020/01/27,8866.6,8594.564019,8416.763672,8396.996058,9044.669
2020/01/28,9377.3,8873.157429,8453.270508,8511.581467,9216.999
2020/01/29,9298.9,8907.907143,8593.18457,8610.942461,9182.38
2020/01/30,9507.3,8864.513433,8539.837891,8620.390191,9246.744
2020/01/31,9349.1,8757.923337,8481.873047,8552.931349,9146.421
2020/02/01,9381.6,8854.684826,8503.892578,8620.84413,9275.831
2020/02/02,9334.9,8895.315571,8498.889648,8629.997945,9317.062
2020/02/03,9296.6,9005.497416,8689.514648,8699.893663,9441.402
2020/02/04,9193.9,9014.410137,8527.582031,8601.500338,9420.368
2020/02/05,9611.8,9075.034337,8559.258789,8508.763499,9450.37
2020/02/06,9772,9363.478554,8736.044922,8794.202609,9806.328
2020/02/07,9818.6,9329.62452,8583.274414,8616.272433,9695.089
2020/02/08,9895.5,9444.649923,8527.001953,8620.587148,9830.417
2020/02/09,10151.5,9559.826165,8802.71875,8624.4918,9909.124
2020/02/10,9854.1,9637.871584,8947.743164,8670.285712,10034.983
2020/02/11,10229.5,9595.702012,9272.320313,8507.653391,10009.528
2020/02/12,10317.7,9933.364022,9523.953125,8817.949378,10353.471
2020/02/13,10235.1,10153.73438,9456.625977,8956.153167,10597.218
2020/02/14,10333,10141.78278,9745.445313,8885.864205,10544.319
2020/02/15,9907.7,10143.66865,9771.146484,8927.594154,10625.714
2020/02/16,9932.3,10087.38657,9859.566406,8755.234972,10495.237
2020/02/17,9701.4,9872.842532,9873.950195,8426.261434,10232.573
2020/02/18,10158.4,10034.3396,10050.57129,8566.078565,10410.003
2020/02/19,9609.4,9939.890781,9974.633789,8456.697279,10274.875
2020/02/20,9602.4,9807.552311,10102.65918,8250.597291,10095.27
2020/02/21,9684.5,9727.91332,9438.803711,8253.255745,10079.425
2020/02/22,9655.7,9709.762069,9802.160156,8220.537492,10035.772
2020/02/23,9942.7,9735.453015,9527.016602,8317.105091,10049.988
2020/02/24,9662.7,9629.03598,9335.854492,8305.29539,9953.235
2020/02/25,9317.2,9481.836925,9240.47168,8243.003959,9833.182
2020/02/26,8800.3,9367.349375,8571.133789,8131.50082,9654.614
2020/02/27,8818.6,9145.120804,8541.898438,8069.491358,9480.961
2020/02/28,8697.5,9079.861592,8251.682617,8093.648223,9411.346
2020/02/29,8543.7,8861.910682,8220.853516,8031.275703,9268.404
2020/03/01,8540,8831.257149,8075.004395,8044.593932,9156.845
2020/03/02,8904.8,8658.41701,8107.230469,8000.59837,9043.946
2020/03/03,8761.4,8218.633522,8183.705566,8021.852642,8879.673
2020/03/04,8757.9,8483.421759,8241.606445,7631.096471,1979.3684
2020/03/05,9060.3,8415.743346,8231.953125,7659.206441,1874.1437
2020/03/06,9134.8,8204.466745,8093.240234,7589.58239,1781.4106
2020/03/07,8887.8,8001.006281,8132.083496,7549.310534,1628.0518
2020/03/08,8034.1,7902.618427,8147.69873,7371.147128,1513.0044
2020/03/09,7933,7383.957761,7468.306152,6814.777613,1464.9202
2020/03/10,7891.2,7414.478375,7580.010742,6790.050013,1479.3296
2020/03/11,7935.1,7460.787525,7587.762207,6821.938063,1502.7292
2020/03/12,4826,7397.246473,7785.367676,6715.848743,1462.9092
2020/03/13,5584.3,7096.487025,7501.111328,6586.043756,1455.1741
2020/03/14,5182.7,7058.137072,7282.033691,6520.488728,1426.0488
2020/03/15,5366.3,7178.816332,7079.798828,6660.131069,1413.4407
2020/03/16,5030,6945.41298,7263.791016,6545.213624,1535.4954
2020/03/17,5261.1,7114.557043,7085.308105,6531.372757,1663.5104
2020/03/18,5361.4,7105.302834,6913.803711,6639.613307,1568.439
2020/03/19,6172,7088.787221,6826.575195,6679.550312,1553.9697
2020/03/20,6205.3,6808.860446,6605.644043,6587.333862,1504.3142
2020/03/21,6186.2,6943.705534,6946.541504,6585.965429,1534.8369
2020/03/22,5822.1,6935.164967,6810.725586,6654.806051,1514.0531
2020/03/23,6468.9,6842.551656,6530.05957,6651.181676,1470.8706
2020/03/24,6744.6,6852.804114,6550.790527,6703.404178,1417.6758
2020/03/25,6678.9,6872.450217,6783.411133,6735.456015,1398.5325
2020/03/26,6725.1,6906.007154,6308.068848,6767.545778,1393.5806
2020/03/27,6373.4,6732.963354,6095.947754,6708.328799,1342.7825
2020/03/28,6233.7,6353.838799,5800.263672,6579.495709,1312.218
2020/03/29,5890.4,6409.749205,5957.01416,6714.181988,1232.6652
2020/03/30,6391,6425.79395,6356.69873,6695.378399,1301.0884
2020/03/31,6412.5,6324.427059,6013.560059,6707.842151,1198.5693
2020/04/01,6638.5,6346.527845,5735.035645,6711.017337,1158.3401
2020/04/02,6800.5,6360.293574,6003.348633,6771.143184,1125.2211
2020/04/03,6735.9,6228.848056,5657.388184,6773.837878,1050.4854
2020/04/04,6857.4,6061.34525,5845.506348,6706.907413,1031.0767
2020/04/05,6772.7,6048.934035,5802.048828,6701.76563,1016.5918
2020/04/06,7332.3,5857.992043,5945.381348,6721.221472,946.58765
2020/04/07,7185.2,5935.237726,5637.753906,6968.195787,770.4068
2020/04/08,7361.2,5877.581215,5432.255371,6994.28114,742.0237
2020/04/09,7289,5847.437207,5299.736816,7028.177615,673.31946
2020/04/10,6863.1,5549.047831,5356.996582,6798.973294,696.19257
2020/04/11,6867.8,5502.119952,4989.831055,6796.78882,693.1322
2020/04/12,6917.6,5493.89808,5439.005859,6655.911784,821.9806
2020/04/13,6841.3,5716.972053,5679.314941,6703.623556,888.5181
2020/04/14,6850.9,6077.82249,5900.370605,6849.78269,992.6182
2020/04/15,6629.1,6324.382265,5992.391113,6966.612499,1060.7383
2020/04/16,7085.6,6393.929814,5814.242676,6831.055252,1214.8552
2020/04/17,7035.8,6596.254562,5819.116699,6909.298264,1317.5723
2020/04/18,7230.8,6801.708339,6435.567383,7021.970923,1389.505
2020/04/19,7122.9,6921.56398,6288.429199,6978.301381,1511.7266
2020/04/20,6833.5,7047.041661,6784.650879,6993.120804,1712.8163
2020/04/21,6842.5,7370.892004,7274.220215,7041.846235,1862.112
2020/04/22,7112.9,7674.106472,7653.807617,7122.355085,1991.7485
2020/04/23,7488.5,7845.923321,7416.678711,7142.274266,2140.5742
2020/04/24,7503.8,8042.80183,7394.721191,7190.014739,2280.466
2020/04/25,7540.4,8317.231114,7983.312012,7331.238227,2473.7112
2020/04/26,7678.9,8438.055251,7509.024902,7252.160934,2639.3706
2020/04/27,7766,8780.305486,8224.100586,7509.651323,2881.2754
2020/04/28,7746.9,8947.657517,8050.068359,7437.3954,3013.914
2020/04/29,8770.9,9116.402458,8425.831055,7451.846693,3135.8477
2020/04/30,8629,9613.125651,9368.175781,7990.512586,3586.7603
2020/05/01,8821.6,9571.244262,9215.082031,7883.452239,3580.212
2020/05/02,8966.3,9729.632218,9449.713867,7892.961493,3741.2786
2020/05/03,8885.5,10011.17565,9905.890625,8045.468637,3998.9214
2020/05/04,8874.7,10158.59174,10253.42383,8042.82243,4181.1123
2020/05/05,9001,10017.50686,9979.773438,7921.584325,4034.3518
2020/05/06,9151.4,10163.98003,10010.71973,7979.570778,4186.0225
2020/05/07,9979.8,10464.75829,10397.86914,8185.876388,4486.3647
2020/05/08,9806.2,10549.77906,10379.57031,8364.438981,4670.7783
2020/05/09,9554.6,10647.21314,10191.86133,8400.190259,4809.078
2020/05/10,8738.8,10397.99802,10300.55957,8164.817444,4466.674
2020/05/11,8579.8,10276.13429,10232.20801,7964.745552,4336.0547
2020/05/12,8813.8,10230.83024,10232,7920.673446,4223.162
2020/05/13,9298.7,10205.97899,10082.53027,7976.67343,4261.425
2020/05/14,9778.4,10156.61814,9985.769531,7945.315005,4170.986
2020/05/15,9318,10150.92044,10196.35059,8057.101304,4221.5938
2020/05/16,9379.5,10018.96312,9950.512695,7973.469458,4076.9753
2020/05/17,9677.7,9889.761885,9759.169922,7946.495978,3990.9797
2020/05/18,9730.7,10167.51072,9928.053711,8227.392668,4304.8486
2020/05/19,9773.3,10047.06313,9895.811523,8226.153654,4178.324
2020/05/20,9512.3,10030.56607,9422.1875,8268.591022,4174.6206
2020/05/21,9059,9999.71004,9507.430664,8185.761857,4087.7576
2020/05/22,9169.7,9646.326556,9037.186523,7989.098261,3747.475
2020/05/23,9177,9391.917002,8646.352539,7926.334864,3509.8242
2020/05/24,8728.2,9395.84828,8427.96582,8001.727424,3546.0347
2020/05/25,8898.2,9279.909863,8319.922852,7952.037184,3442.5156
2020/05/26,8842.5,9223.697575,8182.168457,7892.377915,3329.5957
2020/05/27,9199.1,9224.636886,8388.803711,7889.619495,3301.0122
2020/05/28,9572.2,9220.608943,8079.066406,7941.914374,3340.0042
2020/05/29,9424.8,9244.764874,8427.978516,8135.961546,3469.0862
2020/05/30,9692.5,9286.023294,8415.699219,8135.294532,3455.7485
2020/05/31,9454.8,9328.53912,8323.220703,8221.308645,3546.7207
2020/06/01,10189.3,9382.297368,8484.0625,8198.858191,3554.235
2020/06/02,9527.6,9542.094827,8635.317383,8362.214258,3773.5698
2020/06/03,9667.2,9415.589889,8439.30957,8140.063727,3563.207
2020/06/04,9794.4,9661.172812,8603.727539,8308.611762,3836.4775
2020/06/05,9631.2,9609.055902,8586.282227,8288.604529,3825.2988
2020/06/06,9669.6,9694.724788,8718.670898,8310.996735,3876.7617
2020/06/07,9742.6,9667.925993,8577.539063,8312.78961,3912.7725
2020/06/08,9777.9,9751.180507,8800.175781,8298.962949,3995.1006
2020/06/09,9768.8,9827.914838,9244.552734,8271.446753,4020.3008
2020/06/10,9878.8,9988.442289,9419.509766,8319.203298,4114.121
2020/06/11,9283.2,9957.336568,9291.594727,8277.011406,4150.2197
2020/06/12,9466.6,9506.388382,9289.327148,7892.211246,3672.6997
2020/06/13,9471.3,9650.672351,9212.595703,7894.812698,3766.992
2020/06/14,9345.3,9760.995531,9235.041992,7952.75722,3875.3096
2020/06/15,9425.4,9726.000154,9697.450195,7882.368005,3833.6436
2020/06/16,9523.5,9768.285767,9520.189453,7933.193803,3919.9392
2020/06/17,9464.6,9751.407795,9755.75293,7909.301221,3849.9895
2020/06/18,9388.1,9827.461323,9609.426758,7960.328862,3970.6611
2020/06/19,9314,9845.800862,9290.919922,7933.993057,3981.184
2020/06/20,9358.8,9805.34706,9661.728516,7908.131346,3917.853
2020/06/21,9296.4,9799.367685,9677.188477,7876.702386,3863.5142
2020/06/22,9683.7,9842.455405,9851.625,7928.06493,3977.3748
2020/06/23,9624.6,9925.300354,9753.652344,7991.892773,4046.3945
2020/06/24,9302,10158.1912,9986.057617,8234.8549,4294.5938
2020/06/25,9247.5,9926.767163,9384.756836,8039.612517,4052.3818
2020/06/26,9160,9819.560164,9754.735352,7962.994515,3914.0935
2020/06/27,9008.3,9871.21547,9465.813477,8040.442664,3969.1567
2020/06/28,9124,9814.61389,9337.129883,7960.698319,3927.6938
2020/06/29,9185.4,9866.92209,9462.362305,8002.726745,3998.2542
2020/06/30,9135.4,9932.662334,9356.59668,8070.002529,4087.2744
2020/07/01,9229.9,9889.449075,9531.453125,8017.522145,3960.067
2020/07/02,9085.1,9871.131803,9395.117188,8015.377534,3964.2764
2020/07/03,9067.1,9773.69079,9342.780273,7995.414915,3952.6226
2020/07/04,9134.4,9729.347698,9344.097656,7962.557567,3856.561
2020/07/05,9081,9709.583066,9366.163086,7908.751461,3803.7722
2020/07/06,9339,9831.965821,9328.831055,7983.4229,4011.8608
2020/07/07,9256,9915.458069,9818.598633,8048.561668,4053.926
2020/07/08,9429.9,10020.0084,9880.977539,8075.082091,4121.0444
2020/07/09,9235.7,10044.72606,9833.574219,8077.694682,4164.006
2020/07/10,9285.1,9927.58225,9462.697266,7994.702826,4062.3687
2020/07/11,9233.3,9994.135842,9878.232422,8083.176894,4164.5674
2020/07/12,9300.8,9881.864972,9870.99707,8000.457245,4019.3555
2020/07/13,9243.6,10016.75502,9915.394531,8079.459916,4279.7305
2020/07/14,9253.4,10157.12546,9901.427734,8066.889386,4340.395
2020/07/15,9198.7,10270.77758,9781.679688,8091.539421,4419.847
2020/07/16,9135.3,10264.28222,10256.34668,8064.102044,4376.284
2020/07/17,9155.8,10116.27762,9911.19043,8024.54389,4373.9946
2020/07/18,9170.2,10294.38313,9857.902344,8105.691629,4558.9517
2020/07/19,9208,10250.3369,10064.98633,8031.052006,4463.8823
2020/07/20,9162.4,10468.58922,10299.04395,8123.921855,4720.1245
2020/07/21,9387.3,10602.20679,10375.43555,8122.738108,4818.936
2020/07/22,9513.7,10752.91792,10417.35352,8277.341009,4992.202
2020/07/23,9599.6,11032.50531,10174.3291,8422.74235,5319.517
2020/07/24,9546.4,11017.70593,10442.61133,8365.173625,5269.9014
2020/07/25,9704.1,11073.24155,10789.67969,8424.71589,5363.161
2020/07/26,9932.5,11062.42257,10878.81055,8429.326312,5394.3374
2020/07/27,11022.8,11384.71598,11088.68457,8512.305129,5652.5605
2020/07/28,10908.5,11856.49213,11566.75879,9014.893265,6288.2837
2020/07/29,11105.9,11905.64902,11326.6709,8880.041924,6259.6357
2020/07/30,11096.2,12079.67779,11528.5791,9021.278227,6475.7783
2020/07/31,11333.4,12090.04377,11415.26367,8984.165462,6473.8438
2020/08/01,11803.1,12190.22662,12022.8916,8997.794463,6553.835
2020/08/02,11066.8,12403.22157,11632.46289,9145.955991,6809.509
2020/08/03,11224.4,12328.22761,11940.28516,8998.243398,6714.888
2020/08/04,11184.7,12385.08507,11767.72168,8920.616237,6723.867
2020/08/05,11735.1,12634.45745,11659.76074,9021.404869,6987.9863
2020/08/06,11757.1,12763.26251,12146.39355,9127.14295,7139.963
2020/08/07,11592,12725.81703,11834.32813,9080.711385,7107.8286
2020/08/08,11764.3,12724.76525,11897.85645,9080.217474,7171.9575
2020/08/09,11681.2,12879.19469,12272.06152,9135.474516,7300.0366
2020/08/10,11889.2,12943.15928,11858.85254,9109.027493,7335.132
2020/08/11,11390.4,13119.45988,12079.41797,9273.669319,7518.835
2020/08/12,11557.2,12880.29243,11502.96289,9029.443278,7271.6836
2020/08/13,11770.9,12946.45057,12168.77832,9024.981311,7291.9297
2020/08/14,11750.8,13032.52503,12053.92969,9101.610508,7365.4326
2020/08/15,11845.3,12933.82669,11784.27051,9144.300209,7359.0537
2020/08/16,11899,12934.42518,11855.08789,9224.626012,7406.4473
2020/08/17,12282.6,12976.82463,11970.82324,9252.978994,7465.3037
2020/08/18,11947.6,13027.33029,12249.69531,9221.840182,7472.7266
2020/08/19,11750.2,12934.12866,12112.31738,9159.43162,7339.777
2020/08/20,11856.9,12832.06176,12164.81055,9019.208404,7191.724
2020/08/21,11529.2,12848.34304,12255.22949,9187.813355,7298.461
2020/08/22,11661.3,12673.69175,12013.73438,9097.105592,7128.384
2020/08/23,11641.6,12591.86756,11887.87305,9035.364441,7007.9097
2020/08/24,11753.5,12648.74845,11618.39551,9101.919718,7058.873
2020/08/25,11324.8,12607.27529,11598.11133,9017.90892,7007.1323
2020/08/26,11462.3,12577.55834,11932.88086,9037.163719,6937.1685
2020/08/27,11327.4,12459.04838,11758.00977,9013.4157,6888.205
2020/08/28,11527.4,12384.57388,11740.88574,8985.552289,6800.067
2020/08/29,11468.1,12400.04954,11919.45508,9114.346207,6863.617
2020/08/30,11702,12261.08604,12148.78516,9005.533344,6733.1797
2020/08/31,11644.2,12224.62419,11876.20508,8997.009707,6652.34
2020/09/01,11914.9,12260.28963,11973.8291,9007.632002,6723.177
2020/09/02,11413.3,12577.3055,12175.37793,9227.027234,6998.0205
2020/09/03,10168.8,12398.34298,11923.81152,9108.735863,6793.5913
2020/09/04,10472.5,11381.69828,11413.87305,8074.596207,5584.774
2020/09/05,10092.2,11452.95318,11360.94434,8099.936469,5652.171
2020/09/06,10296.4,11407.83975,11474.875,8102.493521,5620.7266
2020/09/07,10376.9,11416.34188,11349.95313,8112.354166,5649.139
2020/09/08,10126.6,11424.03435,11326.03418,8108.910608,5642.0596
2020/09/09,10224.6,11325.64368,11350.32715,8031.752904,5535.258
2020/09/10,10339.7,11340.43635,11275.87305,8030.974801,5512.115
2020/09/11,10390.2,11327.66684,11395.0752,8107.749656,5597.1426
2020/09/12,10441.9,11369.49234,10634.14258,8105.692136,5585.288
2020/09/13,10326,11285.081,10644.29395,8029.97789,5472.2217
2020/09/14,10675.3,11341.90338,10720.27246,8066.924183,5570.6807
2020/09/15,10785.3,11585.09462,11209.65918,8262.243936,5813.7886
2020/09/16,10949.5,11492.42936,11150.94141,8157.141636,5661.3184
2020/09/17,10941.3,11533.839,10664.87207,8283.624611,5753.9287
2020/09/18,10933,11478.50669,11015.27734,8313.211477,5772.366
2020/09/19,11081.8,11472.84968,10990.32324,8277.323269,5709.119
2020/09/20,10921.5,11567.33358,10997.46387,8381.79152,5821.469
2020/09/21,10416.8,11457.75476,11132.40527,8284.820898,5693.6895
2020/09/22,10531.5,11183.64217,10661.21777,8049.893385,5358.1865
2020/09/23,10237.3,11258.78377,11004.10645,8153.910823,5456.666
2020/09/24,10739.4,11168.4803,10514.6709,8044.021462,5347.9546
2020/09/25,10688.8,11231.3339,10684.64746,8218.59498,5504.269
2020/09/26,10727.9,11181.76553,10968.80469,8197.693405,5439.5615
2020/09/27,10776.2,11082.04097,10803.00488,8243.3446,5383.4204
2020/09/28,10693.2,11042.48841,10938.72656,8142.002447,5274.057
2020/09/29,10840.9,11120.13552,11126.42383,8195.998178,5366.8804
2020/09/30,10776.1,11177.80102,11073.3584,8296.144216,5445.253
2020/10/01,10620.5,11042.77751,10891.40234,8194.45959,5314.425
2020/10/02,10572.3,10971.91988,10186.70605,8091.44645,5216.5435
2020/10/03,10544.2,10826.00406,10390.70703,8068.85073,5091.0938
2020/10/04,10672.9,10977.67833,10416.57129,8120.805518,5242.036
2020/10/05,10789.5,11016.06666,10761.8291,8118.479994,5248.8613
2020/10/06,10602.6,11170.33261,11124.60645,8250.57084,5465.8784
2020/10/07,10670.9,11110.53186,10909.2373,8150.916146,5385.922
2020/10/08,10924.1,11369.79539,10998.65234,8226.761606,5555.2295
2020/10/09,11054.2,11388.45724,10972.62109,8285.856335,5678.3394
2020/10/10,11298.4,11585.09275,10861.03418,8423.381355,5932.978
2020/10/11,11371,11680.30194,11126.95801,8472.784855,6048.2
2020/10/12,11533.9,11731.01725,11594.10742,8409.863864,6107.924
2020/10/13,11423.8,12060.75496,11651.40625,8515.348379,6407.674
2020/10/14,11420.4,12128.46844,11559.74609,8442.928834,6445.1567
2020/10/15,11503,12395.43642,11702.31836,8519.877039,6684.9697
2020/10/16,11322,12283.3994,11698.1875,8428.980462,6645.9478
2020/10/17,11362.1,12616.79491,11787.7627,8546.805892,7031.496
2020/10/18,11506.9,12602.42115,11736.79688,8524.098263,6990.2046
2020/10/19,11753.4,12867.17734,11666.69141,8528.057295,7268.1655
2020/10/20,11913.5,13075.10588,11446.83398,8566.4425,7461.1587
2020/10/21,12808.7,13371.46403,11411.80762,8696.453091,7750.753
2020/10/22,12974.6,13789.02738,11988.43652,9012.232012,8242.7705
2020/10/23,12934.1,13891.51484,11935.13965,9043.659956,8399.515
2020/10/24,13117.2,13913.43257,11680.71191,9030.500913,8493.024
2020/10/25,13032.2,14234.78445,11618.79883,9105.522475,8722.821
2020/10/26,13061.6,14334.60383,11673.63574,9088.849681,8852.136
2020/10/27,13657.8,14071.77897,11401.02832,8738.647929,8559.282
2020/10/28,13278.9,14377.32028,11774.56445,8960.821118,8868.493
2020/10/29,13457.2,14535.55437,11504.59668,8895.509274,9009.155
2020/10/30,13559.9,14859.83183,12143.34277,9077.487526,9353.996
2020/10/31,13797.3,14976.87128,11777.07617,9063.559562,9507.511
2020/11/01,13759.4,15067.85853,11663.42578,9048.947163,9598.8125
2020/11/02,13561.4,15184.17728,11889.45605,9019.529442,9705.423
2020/11/03,14019.9,15307.47074,11728.08496,9034.206463,9927.69
2020/11/04,14145.6,15595.62801,12016.99316,9107.630107,10129.764
2020/11/05,15587.1,15813.18202,11572.62109,9063.564621,10260.618
2020/11/06,15577.9,16220.48652,12219.7832,9540.276682,10849.073
2020/11/07,14828.4,16330.36222,12034.92578,9503.129341,11005.786
2020/11/08,15483.7,15749.30845,11623.21582,9356.358016,10777.63
2020/11/09,15327.2,16512.00481,12197.99512,9558.977344,11349.872
2020/11/10,15303.6,16828.26702,12165.55273,9568.033971,11539.231
2020/11/11,15695.8,16969.64702,11867.11719,9468.889318,11626.761
2020/11/12,16294.7,17102.69537,12150.78711,9502.460588,11793.349
2020/11/13,16324.2,17325.01485,11975.47754,9565.327128,12060.662
2020/11/14,16071,17464.06563,12276.24512,9587.354198,12203.373
2020/11/15,15953,17567.40688,12363.96973,9487.025987,12285.204
2020/11/16,16715.8,17995.64149,11969.38477,9602.175837,12698.925
2020/11/17,17662.3,17976.81023,12314.7832,9499.334622,12730.007
2020/11/18,17774.6,18346.10151,12132.73047,9627.824538,13010.198
2020/11/19,17803.5,18690.92795,12179.24512,9724.100557,13351.094
2020/11/20,18675.2,18618.38681,12165.09961,9519.971571,13290.978
2020/11/21,18687.2,18649.23324,11989.68359,9656.859327,13491.062
2020/11/22,18412.9,18994.20108,12267.13281,9742.314153,13756.582
2020/11/23,18379.6,19030.6648,12307.53223,9640.250303,13873.901
2020/11/24,19152.6,19312.79816,12439.5293,9591.280467,14018.485
2020/11/25,18723,19552.21136,12414.94141,9751.428557,14265.052
2020/11/26,17162,19652.05446,12214.62207,9724.708343,14322.9375
2020/11/27,17127.1,19549.64367,12306.39746,9535.708958,14191.61
2020/11/28,17730.7,19626.15234,11873.66602,9587.122251,14334.59
2020/11/29,18185.5,19691.46988,12090.49316,9627.236738,14376.681
2020/11/30,19698.1,19768.41775,11995.12012,9608.888053,14416.372
2020/12/01,18770.7,20026.95812,12248.85938,9785.584947,14673.837
2020/12/02,19218.8,19895.09861,12020.04004,9710.459857,14565.382
2020/12/03,19433.3,19889.02396,12202.64941,9704.148083,14557.378
2020/12/04,18658.1,19896.92671,12217.86523,9703.25637,14546.788
2020/12/05,19146.5,19821.98669,12030.58496,9735.312006,14549.498
2020/12/06,19379.9,19792.89266,11875.70215,9794.059469,14573.269
2020/12/07,19170.7,19527.5924,11915.875,9767.534201,14550.563
2020/12/08,18326.6,19821.73154,12148.42969,9790.384659,14639.38
2020/12/09,18546,19656.17055,12297.38574,9550.21475,14385.024
2020/12/10,18247.2,19940.49018,12316.96094,9763.049109,14720.665
2020/12/11,18023.6,19810.17236,11888.19922,9637.420836,14608.953
2020/12/12,18808.9,20021.91567,11894.26563,9672.519893,14810.632
2020/12/13,19176.8,20152.52293,12317.3418,9686.66942,14936.183
2020/12/14,19273.8,20553.64923,11940.73926,9803.111573,15376.864
2020/12/15,19434.9,20763.16217,11851.93066,9711.940107,15540.761
2020/12/16,21352.2,21084.74774,12013.58691,9744.843693,15860.91
2020/12/17,22825.4,21060.55957,11846.33887,9764.055763,16107.736
2020/12/18,23127.9,21690.04994,11534.81445,9860.997925,16685.492
2020/12/19,23844,22192.86037,12114.44727,9800.995634,17056.969
2020/12/20,23474.9,22703.7623,11686.72168,9801.95108,17592.523
2020/12/21,22728.5,23293.41891,12230.3125,9811.650775,18205.63
2020/12/22,23823.2,23927.30205,11987.85547,9722.087034,18765.822
2020/12/23,23257.9,24812.74654,11867.7002,9879.841653,19634.537
2020/12/24,23736.5,24452.33194,11801.75,9739.961914,19884.365
2020/12/25,24689.6,25363.7219,11796.01563,9958.396259,20821.648
2020/12/26,26454.4,26431.50887,11988.40625,9939.388865,21612.492
2020/12/27,26261.3,27190.49296,11990.91406,9906.8981,22334.844
2020/12/28,27057.8,27913.96266,11880.06641,9961.729513,23111.72
2020/12/29,27376,28555.04693,11929.15723,9949.245184,23939.57
2020/12/30,28868.7,29445.13426,11934.62793,9967.788605,24694.344
2020/12/31,28949.4,30594.84002,11563.1875,10090.68267,25722.113
2021/01/01,29359.9,30446.16221,11761.98047,10096.02798,26147.875
2021/01/02,32193.3,31158.37532,11804.23145,10096.74976,26769.312
2021/01/03,32958.9,32248.54808,11717.76465,10074.06709,27457.457
2021/01/04,32022.6,32967.63614,11881.63281,10106.70116,28083.355
2021/01/05,33991.5,33641.55164,11579.53027,10090.125,28702.94
2021/01/06,36793.2,34279.10701,11658.2373,10140.07645,29221.908
2021/01/07,39460.2,34496.76216,12087.47754,10037.71331,29388.148
2021/01/08,40599.3,34814.45575,11923.03223,10091.96649,29726.625
2021/01/09,40151.9,35009.95291,11522.54102,10104.33371,29955.451
2021/01/10,38192.2,35193.23417,12226.58594,10120.45391,30103.871
2021/01/11,35544.3,35087.30371,11695.99316,9998.944539,30067.99
2021/01/12,34076.1,34709.88152,11960.98145,9902.258318,29851.672
2021/01/13,37382.2,34868.6993,11621.85352,9746.253361,29629.701
2021/01/14,39175.7,34890.42365,11893.6582,9852.992211,29682.404
2021/01/15,36845.8,34917.22298,11963.16016,9976.734523,29734.371
2021/01/16,36019.5,34542.84474,12146.61035,9870.217145,29367.375
2021/01/17,35839.6,34049.37914,11619.62305,9762.896366,28914.996
2021/01/18,36613.2,33991.26728,11946.45801,9741.676968,28857.527
2021/01/19,36002.9,33599.77063,11822.09375,9780.803483,28576.676
2021/01/20,35476.3,33400.31211,11917.41699,9724.003217,28281.346
2021/01/21,30842.1,33202.13684,11679.94727,9646.265692,27968.34
2021/01/22,33000.5,32196.28181,11410.91797,8972.662224,26754.365
2021/01/23,32088.9,32855.19819,11701.82227,9612.612283,27582.748
2021/01/24,32241.3,32668.15304,11778.21094,9534.084355,27439.52
2021/01/25,32252.3,32751.66996,11685.73535,9609.660593,27552.28
2021/01/26,32502.1,32993.92442,11727.7207,9556.540032,27645.465
2021/01/27,30404,33231.75131,11896.66602,9706.787611,27952.7
2021/01/28,33374.8,32884.29868,11738.55664,9247.270558,27482.3
2021/01/29,34301.8,33354.01073,11757.74219,9712.24669,28364.814
2021/01/30,34283.1,31869.74248,11731.59863,9738.277251,28195.076
2021/01/31,33108.1,33737.67516,11824.21875,9757.311121,29066.219
2021/02/01,33515.7,34729.50096,11724.1123,9737.282092,29730.84
2021/02/02,35485.2,35314.38569,11374.94434,9742.493712,30386.91
2021/02/03,37646.8,36127.11827,11353.12207,9794.532809,31139.363
2021/02/04,36982.1,36954.83942,11581.41504,9848.215053,31975.135
2021/02/05,38297.6,37529.24375,11737.21191,9879.007948,32696.895
2021/02/06,39256.6,38598.08418,11817.8252,9954.396998,33656.613
2021/02/07,38852.9,38628.21663,11880.59961,10040.18485,34354.78
2021/02/08,46395.7,39807.07815,11758.30273,9991.59398,35301.895
2021/02/09,46508.6,41430.94501,11547.78027,10270.32476,36785.715
2021/02/10,44836,41447.96638,11520.99316,10235.09279,37338.7
2021/02/11,47990.7,42754.03321,11863.69922,10241.27356,38320.375
2021/02/12,47371.7,42985.605,11894.48828,10253.87247,38978.098
2021/02/13,47168.7,43313.889,11537.10352,10287.76664,39702.85
2021/02/14,48643.4,44937.98295,11906.32715,10326.80925,40727.38
2021/02/15,47936.3,45961.55453,11862.11523,10282.50919,41525.973
2021/02/16,49169.7,46854.19635,11905.05273,10331.27436,42327.902
2021/02/17,52079.2,47949.51483,11890.57129,10320.12791,43037.465
2021/02/18,51582.2,48254.37653,11689.79785,10246.58797,43408.38
2021/02/19,55906.6,48740.85305,11709.7041,10291.57726,43848.082
2021/02/20,55923.7,48906.13151,12011.0166,10254.2464,44121.832
2021/02/21,57433.8,49348.18821,11567.51172,10254.91111,44452.527
2021/02/22,54111.8,49821.68533,11990.59375,10305.44989,44858.656
2021/02/23,48911.2,50145.08482,11702.32715,10320.50058,45118.555
2021/02/24,49697.5,49905.3399,11423.18359,9961.988901,44678.3
2021/02/25,46928.5,50046.72787,12058.94238,10012.27327,44849.574
2021/02/26,46345.6,49178.84739,11603.88184,9613.857782,43994.73
2021/02/27,46136.7,49151.78268,11521.35352,9636.392345,44004.22
2021/02/28,45164,49158.27133,11227.91113,9619.493762,43922.242
2021/03/01,49595.5,48571.68169,11017.89648,9373.199463,43325.83
2021/03/02,48424.2,49572.22814,11560.5498,9992.852629,44538.848
2021/03/03,50395.1,49571.51837,11368.32813,9997.680442,44494.434
2021/03/04,48428,49317.57398,11868.32422,10099.40189,44485.887
2021/03/05,48792.5,48714.52293,11595.09863,9983.963563,44109.633
2021/03/06,48855.6,48871.03192,11724.1748,9984.906663,44174.08
2021/03/07,50982.3,49209.48956,11555.47168,9952.801838,44210.984
2021/03/08,52311,49404.18678,11613.56445,10064.13045,44547.41
2021/03/09,54879,49628.02439,11641.65918,10044.04662,44656.543
2021/03/10,55851.9,49576.27049,11355.37402,9813.937832,44427.08
2021/03/11,57799.5,49899.49162,11552.05859,9892.831046,44769.33
2021/03/12,57265.1,49949.96817,11407.22363,9854.024723,44878.62
2021/03/13,61195.3,50119.14268,11417.875,9937.325857,45251.133
2021/03/14,59113.7,50515.65464,11314.2002,10010.02424,45654.957
2021/03/15,55791.3,50739.17259,11412.94434,9985.84941,45978.824
2021/03/16,56889.7,51440.17869,11328.69629,9896.630012,46395.703
2021/03/17,58913.5,52044.17946,11564.56738,9889.646132,46821.31
2021/03/18,57656,52432.91982,11637.87109,9913.536068,47288.574
2021/03/19,58088,52687.19897,11834.79199,9897.328384,47611.22
2021/03/20,58093.4,53101.97951,11668.7041,9971.220732,48109.76
2021/03/21,57383.8,53432.39083,11806.32031,9942.196335,48439.65
2021/03/22,54158.3,53794.62517,11496.50391,9897.676986,48798.242
2021/03/23,54452.5,53992.49033,11315.49902,9863.355731,49152.74
2021/03/24,52325.4,54550.94455,11233.14746,9840.613385,49477.51
2021/03/25,51322.3,54724.34651,11706.25293,9756.656256,49605.605
2021/03/26,55036.1,54462.32486,11049.37207,9692.554152,49558.383
2021/03/27,55862.9,54775.19461,11151.50879,9856.082088,50053.36
2021/03/28,55765.2,54511.46178,11545.85645,10009.47022,50283.082
2021/03/29,57616.2,54841.8467,11319.12891,9986.173024,50490.066
2021/03/30,58771.3,55316.32149,11519.50977,9964.123264,50650.68
2021/03/31,58763.7,55722.05549,11377.13379,10030.67405,50881.297
2021/04/01,58718.3,55779.93241,11473.17676,9984.481227,50797.176
2021/04/02,58977.3,55494.70859,11659.55957,9980.401795,50621.707
2021/04/03,57059.9,55090.78686,11470.37012,9974.537305,50389.863
2021/04/04,58199.9,54785.06517,11702.62207,9985.529731,50190.7
2021/04/05,58993.4,54523.95961,11516.58789,9935.501547,49981.523
2021/04/06,57996.3,54556.24975,11783.0127,9997.496365,50015.98
2021/04/07,55948.7,54634.11327,11475.87402,9934.007029,49761.54
2021/04/08,58077.4,54046.51097,11883.14258,9954.443547,49491.785
2021/04/09,58118.7,53699.40967,11529.78809,9908.003583,49104.41
2021/04/10,59748.4,53060.6918,11512.73633,9920.255026,48791.137
2021/04/11,59978.7,53360.72205,11466.58496,10004.65683,48863.49
2021/04/12,59863.8,53113.40641,11655.04688,9968.812668,48683.41
2021/04/13,63540.9,52043.56351,11538.51172,10001.35262,48358.41
2021/04/14,62980.4,52805.42047,11520.50391,9987.789579,48459.785
2021/04/15,63216,53447.07109,11373.47461,10040.46596,48687.1
2021/04/16,61379.7,52834.72723,11800.4375,10021.94331,48402.348
2021/04/17,60041.9,52948.78736,11605.66602,9983.494786,48349.434
2021/04/18,56207.1,53122.45195,11787.77832,10019.51816,48443.066
2021/04/19,55646.1,53071.40296,11373.07324,9958.614433,48437.527
2021/04/20,56483.2,53719.01618,11550.90918,9916.123867,48652.613
2021/04/21,53820.2,53618.43641,11518.09668,9910.513704,48601.3
2021/04/22,51729.5,53638.62413,11312.19141,9797.718115,48537.05
2021/04/23,51143.6,53308.75001,11119.16797,9661.201275,48246.043
2021/04/24,50088.9,52916.64521,11096.78613,9441.670914,47818.156
2021/04/25,48963.6,52828.86061,10659.71875,9359.288252,47611.582
2021/04/26,54020.5,52718.02267,10529.4209,9329.430236,47613.625
2021/04/27,55036.5,53627.75865,11297.54199,9591.242509,48457.082
2021/04/28,54841.4,53847.86383,11452.59863,9718.342139,48722.02
2021/04/29,53560.8,53510.34315,11263.61328,9612.269885,48355.066
2021/04/30,57720.3,53186.85941,11281.84766,9600.155701,48134.645
2021/05/01,57807.1,53391.94326,11590.61328,9843.500022,48487.863
2021/05/02,56603.8,53120.77317,11328.66211,9806.460668,48136.85
2021/05/03,57169.8,52072.62616,11128.7207,9756.22271,47603.66
2021/05/04,53741.5,52317.83446,11351.69629,9839.003474,47603.406
2021/05/05,57441.3,51905.85686,11480.70313,9532.762266,46621.63
2021/05/06,56405.4,51760.47876,11230.45996,9769.008998,46663.87
2021/05/07,57337.2,50066.60483,11176.00488,9775.435482,45721.625
2021/05/08,58840.1,49987.64345,11201.94727,9798.964724,45297.66
2021/05/09,58238.3,48721.0063,11366.23828,9906.08548,44555.87
2021/05/10,55848.9,47039.84287,11316.9209,9906.892381,43578.863
2021/05/11,56695.7,47330.3817,11360.81641,9676.552315,42854.94
2021/05/12,49384.2,46741.83293,11332.83496,9764.387428,42178.24
2021/05/13,49704.6,45095.85048,10828.09766,9205.511103,40203.254
2021/05/14,49839.8,43364.96856,10561.75391,9143.053226,38960.74
2021/05/15,46708.8,42643.00557,10528.8291,9131.481169,38114.918
2021/05/16,46426.4,41976.46883,10522.87891,8991.500437,37024.836
2021/05/17,43541.3,41416.34226,10704.08594,9068.276156,36479.707
2021/05/18,42897.3,40578.23172,10760.21582,8961.373484,35532.094
2021/05/19,36720.5,39739.38069,10826.22949,8961.737936,34688.625
2021/05/20,40717.2,38728.23027,10729.16113,8769.536253,33543.055
2021/05/21,37297.4,37978.87627,10704.41797,8860.548973,32924.19
2021/05/22,37448.3,36960.62712,10497.55469,8735.623417,31891.424
2021/05/23,34679.7,36668.07751,10357.91113,8736.95583,31356.125
2021/05/24,38750.6,35996.23651,10432.04199,8662.012766,30709.21
2021/05/25,38378.3,35714.23972,10692.11621,8821.413416,30587.447
2021/05/26,39249.2,35348.12987,10681.6875,8800.252843,30102.236
2021/05/27,38417.3,35002.39692,10820.05957,8870.407736,29837.555
2021/05/28,35662.5,34495.9336,10812.13281,8763.474447,29286.371
2021/05/29,34584.6,33859.33611,10799.29492,8714.782593,28819.047
2021/05/30,35652.8,33513.02851,10794.2041,8579.082949,28306.926
2021/05/31,37298.6,33588.36708,10508.41699,8703.839432,28455.852
2021/06/01,36687.6,33712.88002,10573.93066,8728.416254,28499.648
2021/06/02,37555.8,33844.7246,10775.85938,8766.172857,28523.037
2021/06/03,39187.3,33880.00287,10838.25098,8777.555844,28530.023
2021/06/04,36851.3,33653.5516,10848.78418,8820.996954,28441.807
2021/06/05,35520,33644.9719,10407.96777,8783.778364,28424.889
2021/06/06,35815.4,33497.88077,10453.8125,8672.587002,28174.178
2021/06/07,33578,33648.33711,10705.61523,8648.972737,28324.863
2021/06/08,33382.9,33818.55048,10736.87988,8621.373055,28432.365
2021/06/09,37332.2,33935.21213,10640.43262,8635.196398,28470.598
2021/06/10,36649.4,34015.60119,10521.49121,8750.313574,28705.914
2021/06/11,37314.6,33743.14084,10678.66992,8749.116937,28611.56
2021/06/12,35467.5,33505.33877,10753.50293,8869.91755,28741.764
2021/06/13,39022.9,33522.58008,10465.39453,8785.717123,28581.008
2021/06/14,40529.4,34202.22622,10633.32031,8867.068641,28994.732
2021/06/15,40156.1,34557.22347,11023.49023,9012.981835,29330.479
2021/06/16,38336,34309.41718,11047.05176,8926.666894,29048.541
2021/06/17,38052,34193.03494,10942.54395,8815.722472,28802.27
2021/06/18,35749.4,33932.83142,10757.48633,8796.256171,28590.41
2021/06/19,35513.4,33625.1556,10613.98828,8765.582176,28365.844
2021/06/20,35595.8,33601.76293,10733.25977,8721.719157,28184.824
2021/06/21,31692,33558.50103,10784.25,8749.72462,28147.713
2021/06/22,32496.4,33106.78824,10819.80078,8551.232797,27675.766
2021/06/23,33674.3,33084.05188,10641.12695,8601.939902,27571.012
2021/06/24,34665.8,33123.64703,10860.37988,8717.480855,27667.484
2021/06/25,31594,32958.31316,10768.88672,8791.046062,27561.61
2021/06/26,32243.4,32629.5283,10855.77734,8680.328503,27205.92
2021/06/27,34678.5,32588.9358,10830.17578,8698.873225,27051.469
2021/06/28,34475.9,32533.20735,10709.89746,8739.82115,27027.793
2021/06/29,35834.7,32441.22788,10864.03613,8741.774223,26985.373
2021/06/30,35026.9,32393.94529,11124.95996,8780.295609,26891.234
2021/07/01,33543.6,32285.51808,10999.75488,8781.695265,26792.023
2021/07/02,33813.4,31876.51479,10902.00195,8655.763557,26349.629
2021/07/03,34742.8,31892.38086,10796.85254,8703.396908,26334.66
2021/07/04,35298.2,31860.28682,10939.13086,8749.388125,26331.254
2021/07/05,33687.8,31907.81104,11082.71094,8779.351759,26389.139
2021/07/06,34225.6,31833.03349,10775.58203,8645.114087,26287.836
